id,baseline/000,baseline/001,baseline/002,baseline/003,baseline/004,baseline/005,baseline/006,baseline/007,baseline/008,baseline/009,baseline/010,baseline/011,baseline/012,holdout/000,holdout/001,holdout/002,holdout/003,holdout/004,holdout/005
./spec/iriq/activate_proposal_spec.rb[1:1:1],2529,2476,6368,3503,2682,4631,6648,3051,6334,4257,23446,2853,2726,3350,2226,2378,2266,2213,2375
./spec/iriq/activate_proposal_spec.rb[1:1:2],2274,2444,3094,2995,2639,5921,3197,2886,5860,3172,2914,2665,2623,3286,2203,2274,2168,2038,2226
./spec/iriq/activate_proposal_spec.rb[1:1:3],4738,5308,6300,6560,5460,7469,9517,6159,29037,6731,5993,5578,5702,5321,5943,5156,4755,4326,4573
./spec/iriq/activate_proposal_spec.rb[1:1:4],2695,19144,3556,3332,17842,4937,5534,3218,20607,3410,2778,2653,2681,2537,2524,2585,2120,2178,2379
./spec/iriq/activate_proposal_spec.rb[1:1:5],51067,32822,57519,41099,37740,60552,53282,55137,71696,70387,36751,61318,35243,36919,29025,30915,27840,27461,29638
./spec/iriq/activate_proposal_spec.rb[1:2:1],1462,1454,1742,1921,1778,2742,1931,1912,1969,1963,1623,1690,1620,1491,1280,1551,1303,1278,1282
./spec/iriq/activate_proposal_spec.rb[1:2:2],767,764,915,990,859,1048,1017,1002,1013,1016,855,907,886,744,699,767,670,713,671
./spec/iriq/calibration_spec.rb[1:1:1],39,39,48,52,45,57,55,53,55,53,46,49,44,39,40,38,37,40,35
./spec/iriq/calibration_spec.rb[1:1:2],35,34,42,45,39,46,73,45,47,46,40,40,38,33,31,32,31,32,30
./spec/iriq/calibration_spec.rb[1:1:3],32,32,38,45,36,42,50,41,43,42,38,37,36,30,29,31,29,29,28
./spec/iriq/calibration_spec.rb[1:1:4],30,29,37,40,33,43,43,39,39,40,35,35,33,28,27,29,26,28,26
./spec/iriq/calibration_spec.rb[1:1:5],30,29,35,39,35,39,41,38,38,39,34,32,33,26,27,27,26,27,27
./spec/iriq/calibration_spec.rb[1:1:6],29,31,33,38,32,37,40,38,39,39,35,32,33,28,27,27,25,26,26
./spec/iriq/calibration_spec.rb[1:1:7],28,29,34,38,31,39,38,38,37,37,34,33,31,28,25,27,25,27,25
./spec/iriq/calibration_spec.rb[1:1:8],37,36,43,48,42,48,52,47,49,47,40,41,39,34,31,33,32,33,33
./spec/iriq/calibration_spec.rb[1:1:9],29,29,34,39,35,36,39,38,39,38,32,33,32,30,25,26,27,26,25
./spec/iriq/calibration_spec.rb[1:1:10],35,33,40,44,38,44,45,44,44,44,37,39,36,32,30,32,31,31,30
./spec/iriq/calibration_spec.rb[1:1:11],39,39,47,50,44,51,53,50,51,51,44,43,44,36,35,37,37,36,36
./spec/iriq/calibration_spec.rb[1:1:12],28,29,35,37,31,37,39,37,37,37,32,30,32,26,25,26,25,25,24
./spec/iriq/calibration_spec.rb[1:1:13],32,32,38,42,36,194,38,42,38,42,33,36,35,28,27,29,29,25,27
./spec/iriq/calibration_spec.rb[1:1:14],37,37,45,48,43,77,54,50,51,51,42,41,41,34,33,36,32,33,33
./spec/iriq/calibration_spec.rb[1:1:15],29,28,35,38,31,48,37,37,38,37,33,31,32,26,24,26,25,26,25
./spec/iriq/calibration_spec.rb[1:1:16],33,33,39,41,36,51,43,43,44,43,37,37,37,31,29,31,29,29,28
./spec/iriq/calibration_spec.rb[1:1:17],35,34,41,44,37,51,46,45,46,46,38,39,37,35,31,33,31,32,31
./spec/iriq/calibration_spec.rb[1:1:18],28,29,33,37,34,40,38,41,39,38,33,37,32,27,25,27,26,26,27
./spec/iriq/calibration_spec.rb[1:1:19],29,30,37,39,34,43,40,37,40,36,35,33,31,29,25,29,25,26,25
./spec/iriq/calibration_spec.rb[1:1:20],28,28,32,37,32,39,37,37,37,37,31,32,31,26,23,26,24,25,24
./spec/iriq/calibration_spec.rb[1:1:21],27,27,33,37,31,36,39,38,36,37,31,32,31,25,24,26,29,24,26
./spec/iriq/calibration_spec.rb[1:1:22],27,103,124,135,30,151,149,134,38,146,33,35,30,26,23,27,25,93,95
./spec/iriq/calibration_spec.rb[1:1:23],29,28,33,39,31,100,42,37,36,38,31,30,120,27,24,25,25,24,26
./spec/iriq/calibration_spec.rb[1:1:24],28,27,33,39,113,63,37,38,139,37,31,34,31,26,90,25,95,24,26
./spec/iriq/calibration_spec.rb[1:1:25],27,29,32,37,32,48,40,36,41,36,35,32,31,30,26,28,26,26,26
./spec/iriq/calibration_spec.rb[1:1:26],31,27,33,35,31,44,37,35,36,39,32,36,30,27,27,28,25,24,25
./spec/iriq/calibration_spec.rb[1:1:27],27,27,32,36,31,40,36,37,37,35,31,31,31,27,25,26,24,24,25
./spec/iriq/calibration_spec.rb[1:1:28],28,27,32,37,30,38,35,36,36,36,32,31,31,27,24,26,24,24,25
./spec/iriq/calibration_spec.rb[1:1:29],27,28,33,35,29,39,36,35,35,36,30,31,30,26,24,26,23,24,25
./spec/iriq/calibration_spec.rb[1:1:30],28,26,33,36,31,42,37,36,35,36,30,30,30,26,24,26,25,24,26
./spec/iriq/calibration_spec.rb[1:1:31],27,27,33,36,31,39,36,36,36,36,31,31,30,46,23,26,24,24,25
./spec/iriq/calibration_spec.rb[1:1:32],30,31,37,41,35,49,41,39,42,43,34,35,35,38,28,30,27,26,41
./spec/iriq/calibration_spec.rb[1:1:33],29,29,35,38,32,41,38,38,38,38,33,32,31,29,24,27,27,25,27
./spec/iriq/calibration_spec.rb[1:1:34],29,30,36,41,33,40,39,37,39,40,34,35,33,29,26,29,27,25,28
./spec/iriq/calibration_spec.rb[1:1:35],58,30,36,37,34,39,80,77,78,39,32,34,31,27,54,27,26,26,26
./spec/iriq/calibration_spec.rb[1:1:36],29,29,34,39,32,38,41,38,39,38,33,30,31,26,25,27,25,25,26
./spec/iriq/calibration_spec.rb[1:1:37],30,31,38,40,37,42,45,40,40,39,34,33,36,31,27,28,28,27,27
./spec/iriq/calibration_spec.rb[1:1:38],31,34,37,40,34,43,41,41,41,40,35,34,34,29,27,29,27,27,28
./spec/iriq/calibration_spec.rb[1:1:39],37,37,44,49,42,53,50,49,51,50,41,43,41,39,34,36,36,32,34
./spec/iriq/calibration_spec.rb[1:1:40],31,31,36,40,34,41,40,40,40,40,34,35,34,29,28,29,28,27,27
./spec/iriq/calibration_spec.rb[1:1:41],29,29,34,37,32,38,37,37,37,37,30,30,32,26,25,26,26,24,24
./spec/iriq/calibration_spec.rb[1:1:42],27,27,33,38,33,37,36,36,35,36,30,30,31,26,24,25,24,24,24
./spec/iriq/calibration_spec.rb[1:1:43],27,29,33,37,31,36,37,36,36,35,31,30,31,25,24,26,24,24,24
./spec/iriq/calibration_spec.rb[1:1:44],29,30,34,39,33,39,37,39,36,38,33,32,34,27,27,28,26,25,27
./spec/iriq/calibration_spec.rb[1:1:45],28,29,34,37,32,39,39,38,37,37,32,32,34,27,25,27,25,26,25
./spec/iriq/calibration_spec.rb[1:1:46],28,29,34,37,32,39,41,37,39,37,32,32,32,27,26,27,24,25,24
./spec/iriq/calibration_spec.rb[1:1:47],28,29,32,37,30,39,74,37,37,37,31,34,31,27,25,27,25,25,25
./spec/iriq/calibration_spec.rb[1:1:48],27,27,33,37,30,36,51,35,142,36,30,31,30,25,23,28,23,23,23
./spec/iriq/calibration_spec.rb[1:1:49],26,27,32,34,30,35,44,34,82,36,32,31,29,24,23,25,24,23,23
./spec/iriq/calibration_spec.rb[1:1:50],27,28,32,34,32,36,40,34,75,37,30,30,29,25,23,25,24,24,22
./spec/iriq/calibration_spec.rb[1:1:51],27,28,32,36,29,35,40,34,68,36,31,30,29,26,23,26,23,23,23
./spec/iriq/calibration_spec.rb[1:1:52],27,28,48,35,31,51,39,35,67,37,32,31,30,25,24,28,24,25,23
./spec/iriq/calibration_spec.rb[1:1:53],27,28,32,35,30,45,37,35,67,35,30,29,29,25,23,26,23,24,24
./spec/iriq/calibration_spec.rb[1:1:54],31,31,36,40,34,46,44,38,77,41,34,34,33,29,28,32,26,27,27
./spec/iriq/calibration_spec.rb[1:1:55],28,27,32,35,30,39,37,35,66,38,30,29,29,25,24,28,26,24,24
./spec/iriq/calibration_spec.rb[1:1:56],30,30,34,38,33,40,45,38,80,38,35,34,33,29,26,28,26,29,26
./spec/iriq/calibration_spec.rb[1:1:57],28,28,31,35,30,37,37,35,65,37,30,29,30,25,24,26,25,25,23
./spec/iriq/calibration_spec.rb[1:1:58],28,31,33,36,32,39,39,36,74,36,32,31,31,26,25,27,27,25,25
./spec/iriq/calibration_spec.rb[1:1:59],23,24,28,31,27,31,33,31,58,31,27,25,26,22,21,22,22,22,21
./spec/iriq/calibration_spec.rb[1:1:60],29,29,34,37,34,39,39,38,69,37,33,32,32,27,25,32,33,25,25
./spec/iriq/calibration_spec.rb[1:1:61],28,29,34,37,34,38,41,37,63,38,33,31,32,26,24,26,27,24,25
./spec/iriq/calibration_spec.rb[1:1:62],29,29,34,36,32,37,38,37,48,36,31,31,33,25,25,26,28,24,24
./spec/iriq/calibration_spec.rb[1:1:63],28,28,33,39,31,38,40,35,46,37,31,30,32,25,24,26,26,24,24
./spec/iriq/calibration_spec.rb[1:1:64],28,30,34,36,31,37,42,36,42,37,31,30,31,26,24,26,26,24,24
./spec/iriq/calibration_spec.rb[1:1:65],29,29,32,36,30,37,36,35,38,53,30,28,30,25,24,25,25,23,25
./spec/iriq/calibration_spec.rb[1:1:66],35,26,30,30,26,31,32,30,32,31,27,26,25,21,21,21,21,20,19
./spec/iriq/calibration_spec.rb[1:1:67],27,28,32,35,32,104,36,34,37,35,30,29,30,25,24,25,23,23,24
./spec/iriq/calibration_spec.rb[1:1:68],27,28,32,36,31,127,41,34,37,49,31,29,30,24,23,24,24,24,23
./spec/iriq/calibration_spec.rb[1:1:69],28,28,31,36,30,80,36,34,38,34,30,29,29,24,22,25,24,23,23
./spec/iriq/calibration_spec.rb[1:1:70],28,28,32,37,31,80,36,34,40,36,31,29,29,27,24,26,27,23,24
./spec/iriq/calibration_spec.rb[1:1:71],27,27,31,36,29,71,35,36,39,35,30,31,29,24,22,24,25,23,28
./spec/iriq/calibration_spec.rb[1:1:72],26,30,34,37,32,84,38,37,39,70,32,29,30,26,23,26,25,25,23
./spec/iriq/calibration_spec.rb[1:1:73],23,24,27,31,25,56,31,30,32,44,26,26,25,20,19,22,21,20,20
./spec/iriq/calibration_spec.rb[1:1:74],28,29,36,36,31,64,37,36,39,80,32,31,31,26,25,26,25,24,25
./spec/iriq/calibration_spec.rb[1:1:75],28,30,33,37,32,44,138,37,39,45,32,36,31,26,24,27,26,24,25
./spec/iriq/calibration_spec.rb[1:1:76],30,30,35,39,33,42,40,38,37,79,32,32,32,25,25,27,26,24,26
./spec/iriq/calibration_spec.rb[1:1:77],28,28,33,37,31,38,38,36,37,55,31,30,32,25,24,26,25,24,25
./spec/iriq/calibration_spec.rb[1:1:78],29,27,33,36,32,38,38,35,38,47,31,32,32,25,24,25,25,24,25
./spec/iriq/calibration_spec.rb[1:1:79],41,28,33,36,31,37,64,33,39,47,31,30,31,26,26,26,25,25,24
./spec/iriq/calibration_spec.rb[1:1:80],28,28,32,37,30,38,51,33,38,41,31,30,31,25,24,25,25,24,25
./spec/iriq/calibration_spec.rb[1:1:81],28,30,34,37,32,38,46,34,39,41,33,30,30,26,24,25,25,26,25
./spec/iriq/calibration_spec.rb[1:1:82],27,28,33,37,30,37,40,33,37,41,31,30,31,25,23,25,23,25,23
./spec/iriq/calibration_spec.rb[1:1:83],28,29,34,40,31,38,40,34,38,40,32,30,32,25,25,25,25,25,24
./spec/iriq/calibration_spec.rb[1:1:84],32,30,35,40,33,41,44,35,42,46,33,33,32,28,27,27,26,28,27
./spec/iriq/calibration_spec.rb[1:1:85],28,29,34,41,32,38,40,34,38,40,32,34,32,25,27,26,26,27,26
./spec/iriq/calibration_spec.rb[1:1:86],27,28,33,37,31,37,39,33,37,38,31,31,30,25,24,26,24,25,24
./spec/iriq/calibration_spec.rb[1:1:87],28,29,34,38,32,37,40,34,37,39,31,30,31,25,25,26,25,26,24
./spec/iriq/calibration_spec.rb[1:1:88],28,27,32,37,31,118,42,34,40,38,33,29,31,27,24,25,24,26,25
./spec/iriq/calibration_spec.rb[1:1:89],28,28,33,36,31,48,38,33,37,38,30,29,31,25,23,27,25,26,24
./spec/iriq/calibration_spec.rb[1:1:90],27,28,32,35,30,44,38,32,36,38,31,29,30,24,24,25,24,24,23
./spec/iriq/calibration_spec.rb[1:1:91],35,28,32,35,30,43,39,33,36,37,33,29,29,25,25,25,23,25,23
./spec/iriq/calibration_spec.rb[1:1:92],23,24,27,31,26,33,32,27,31,32,25,25,26,20,21,23,36,22,19
./spec/iriq/calibration_spec.rb[1:1:93],27,28,33,35,29,40,36,32,35,37,30,29,29,26,24,25,24,25,24
./spec/iriq/calibration_spec.rb[1:1:94],27,27,32,35,30,38,37,31,36,37,29,29,30,27,24,25,24,25,23
./spec/iriq/calibration_spec.rb[1:1:95],28,28,35,36,30,38,37,32,36,37,31,30,31,25,24,26,24,25,24
./spec/iriq/calibration_spec.rb[1:1:96],28,28,32,36,30,37,38,34,37,37,31,29,31,25,23,26,24,24,24
./spec/iriq/calibration_spec.rb[1:1:97],27,27,31,34,30,37,36,31,35,37,29,29,30,24,23,24,24,25,23
./spec/iriq/calibration_spec.rb[1:1:98],27,28,33,36,31,37,37,32,35,38,31,29,31,24,23,25,25,25,24
./spec/iriq/calibration_spec.rb[1:1:99],28,28,33,36,31,40,37,33,36,39,30,30,33,25,24,27,25,26,24
./spec/iriq/calibration_spec.rb[1:1:100],26,28,31,34,30,37,35,31,35,37,31,30,31,24,23,25,24,25,23
./spec/iriq/calibration_spec.rb[1:1:101],27,28,34,34,30,39,36,32,35,36,30,30,31,24,23,24,25,24,23
./spec/iriq/calibration_spec.rb[1:1:102],28,28,32,35,32,37,35,32,36,35,30,29,32,23,23,25,24,25,24
./spec/iriq/calibration_spec.rb[1:1:103],27,27,32,35,30,36,35,32,34,36,30,31,32,24,23,25,23,24,24
./spec/iriq/calibration_spec.rb[1:1:104],28,29,34,36,31,39,38,34,37,41,32,31,34,26,25,27,25,26,25
./spec/iriq/calibration_spec.rb[1:1:105],27,29,32,38,31,37,35,32,35,38,30,29,35,25,24,26,23,25,24
./spec/iriq/calibration_spec.rb[1:1:106],28,30,34,37,32,38,38,34,37,40,35,31,34,25,25,28,25,26,25
./spec/iriq/calibration_spec.rb[1:1:107],28,29,33,36,30,37,37,33,36,37,31,31,32,25,25,27,24,25,25
./spec/iriq/calibration_spec.rb[1:1:108],31,32,38,41,34,43,40,37,40,42,33,33,37,27,29,30,29,27,29
./spec/iriq/calibration_spec.rb[1:1:109],27,27,31,37,30,36,36,35,34,36,32,29,32,23,24,26,24,24,25
./spec/iriq/calibration_spec.rb[1:1:110],27,27,30,35,30,36,34,32,35,35,31,29,31,23,23,27,23,24,23
./spec/iriq/calibration_spec.rb[1:1:111],24,24,27,31,26,31,30,28,30,31,26,26,27,21,20,22,21,21,21
./spec/iriq/calibration_spec.rb[1:1:112],28,30,34,38,32,40,37,34,38,40,32,31,159,25,25,28,25,26,26
./spec/iriq/calibration_spec.rb[1:1:113],27,28,32,146,30,36,35,32,37,36,30,29,90,25,23,28,25,24,24
./spec/iriq/calibration_spec.rb[1:1:114],27,27,32,78,29,36,36,31,36,36,30,7560,68,24,24,27,23,24,24
./spec/iriq/calibration_spec.rb[1:1:115],27,29,44,73,29,39,35,32,38,36,29,139,66,24,24,27,24,26,22
./spec/iriq/calibration_spec.rb[1:1:116],26,29,31,69,29,37,36,31,35,34,29,435,65,24,23,26,22,25,24
./spec/iriq/calibration_spec.rb[1:1:117],28,31,34,73,34,43,38,34,39,39,33,81,74,26,25,30,24,26,24
./spec/iriq/calibration_spec.rb[1:1:118],24,24,28,57,28,32,31,28,30,31,27,62,57,22,21,23,21,21,20
./spec/iriq/calibration_spec.rb[1:1:119],27,27,32,78,30,36,36,33,34,35,30,92,64,24,24,28,24,24,23
./spec/iriq/calibration_spec.rb[1:1:120],27,27,32,68,30,36,37,32,38,36,31,172,379,25,23,28,30,25,22
./spec/iriq/calibration_spec.rb[1:1:121],27,27,31,68,30,36,36,32,35,35,30,74,67,25,24,27,25,25,24
./spec/iriq/calibration_spec.rb[1:1:122],27,28,35,65,32,36,34,34,36,35,29,79,34,24,23,27,24,24,24
./spec/iriq/calibration_spec.rb[1:1:123],39,33,36,73,31,38,37,32,38,36,31,83,32,25,23,28,25,26,23
./spec/iriq/calibration_spec.rb[1:1:124],23,24,27,56,26,30,30,27,32,31,26,157,28,21,20,23,23,21,20
./spec/iriq/calibration_spec.rb[1:1:125],23,23,27,56,25,30,32,27,31,30,26,256,29,20,20,23,21,21,21
./spec/iriq/calibration_spec.rb[1:1:126],28,28,33,66,30,37,36,32,37,38,30,116,32,24,24,27,24,25,24
./spec/iriq/calibration_spec.rb[1:1:127],27,26,32,64,30,36,36,32,36,35,30,84,32,25,23,27,23,24,23
./spec/iriq/calibration_spec.rb[1:1:128],26,27,32,65,29,37,34,31,35,36,31,71,32,25,23,26,24,24,24
./spec/iriq/calibration_spec.rb[1:1:129],28,26,32,70,29,35,34,33,35,36,30,69,32,24,23,28,25,24,23
./spec/iriq/calibration_spec.rb[1:1:130],31,30,34,74,32,41,39,35,39,41,33,78,37,27,27,31,26,26,25
./spec/iriq/calibration_spec.rb[1:1:131],28,29,33,66,30,37,36,32,39,37,31,69,33,25,24,28,24,26,24
./spec/iriq/calibration_spec.rb[1:1:132],28,29,33,67,30,37,36,33,37,38,30,70,35,26,24,30,24,25,25
./spec/iriq/calibration_spec.rb[1:1:133],28,28,33,69,31,38,38,32,36,37,31,71,33,25,24,29,24,25,24
./spec/iriq/calibration_spec.rb[1:1:134],28,28,33,82,30,37,37,33,36,37,30,69,35,25,25,28,25,25,24
./spec/iriq/calibration_spec.rb[1:1:135],28,29,33,70,31,38,37,34,37,39,31,85,34,25,25,28,24,25,25
./spec/iriq/calibration_spec.rb[1:1:136],24,24,27,66,26,136,30,28,30,31,26,70,29,21,20,23,20,20,20
./spec/iriq/calibration_spec.rb[1:1:137],30,29,32,52,31,96,37,33,36,37,31,98,33,25,24,27,24,24,23
./spec/iriq/calibration_spec.rb[1:1:138],28,31,32,48,31,81,36,32,36,37,31,68,33,25,24,26,25,24,23
./spec/iriq/calibration_spec.rb[1:1:139],28,27,32,41,30,70,36,32,35,36,30,66,32,24,23,28,24,25,23
./spec/iriq/calibration_spec.rb[1:1:140],29,30,34,44,31,109,35,34,35,39,30,2341,35,24,25,27,25,25,25
./spec/iriq/calibration_spec.rb[1:1:141],27,28,31,38,30,81,35,32,36,36,31,56,32,24,23,25,23,25,24
./spec/iriq/calibration_spec.rb[1:1:142],23,24,28,36,26,61,30,28,31,33,27,34,28,21,22,21,20,21,22
./spec/iriq/calibration_spec.rb[1:1:143],28,28,32,39,30,74,37,33,38,36,31,39,32,25,23,26,24,25,23
./spec/iriq/calibration_spec.rb[1:1:144],30,32,35,43,33,81,40,36,41,40,34,41,35,27,27,29,25,28,26
./spec/iriq/calibration_spec.rb[1:1:145],28,30,34,41,31,73,37,34,37,37,32,36,34,26,26,26,25,26,24
./spec/iriq/calibration_spec.rb[1:1:146],27,27,33,38,30,70,40,33,35,37,31,32,32,25,25,26,27,25,24
./spec/iriq/calibration_spec.rb[1:1:147],29,28,33,40,31,73,37,33,36,37,32,33,33,25,24,26,24,24,23
./spec/iriq/calibration_spec.rb[1:1:148],28,28,34,40,30,94,38,34,37,37,31,34,33,25,24,26,24,24,27
./spec/iriq/calibration_spec.rb[1:1:149],54,53,61,69,64,92,91,68,95,81,68,62,65,49,52,62,46,51,46
./spec/iriq/calibration_spec.rb[1:1:150],37,37,41,49,42,52,66,45,56,49,43,45,45,33,33,36,33,33,32
./spec/iriq/calibration_spec.rb[1:1:151],33,35,38,44,38,141,52,42,52,46,38,40,41,32,30,33,29,30,31
./spec/iriq/calibration_spec.rb[1:1:152],26,25,28,34,28,110,39,31,38,34,29,30,31,25,23,25,23,23,22
./spec/iriq/calibration_spec.rb[1:1:153],30,30,33,43,34,94,57,36,44,40,33,35,35,29,27,28,26,28,26
./spec/iriq/calibration_spec.rb[1:1:154],28,29,32,38,31,76,50,34,42,39,33,33,33,26,24,27,24,26,24
./spec/iriq/calibration_spec.rb[1:1:155],30,30,33,40,33,76,44,36,45,41,33,35,36,28,26,29,26,27,25
./spec/iriq/calibration_spec.rb[1:1:156],33,32,35,43,36,126,47,39,49,44,37,37,39,31,29,31,28,29,28
./spec/iriq/calibration_spec.rb[1:1:157],27,28,31,38,32,69,38,33,43,38,33,33,33,27,24,27,25,25,25
./spec/iriq/calibration_spec.rb[1:1:158],28,27,30,37,30,68,38,34,42,36,31,32,34,27,24,26,24,24,24
./spec/iriq/calibration_spec.rb[1:1:159],28,28,30,36,31,91,38,33,42,37,31,31,32,26,23,26,24,24,24
./spec/iriq/calibration_spec.rb[1:1:160],27,26,30,36,30,100,38,32,41,35,30,31,33,25,24,26,24,25,23
./spec/iriq/calibration_spec.rb[1:1:161],27,27,30,39,30,76,40,33,40,35,29,31,32,26,24,25,23,24,24
./spec/iriq/calibration_spec.rb[1:1:162],27,27,30,37,30,77,38,33,41,36,31,31,32,25,24,26,24,24,24
./spec/iriq/calibration_spec.rb[1:1:163],26,27,30,36,30,71,38,32,40,36,30,30,33,24,23,24,23,25,23
./spec/iriq/calibration_spec.rb[1:1:164],29,31,33,39,33,88,41,36,45,39,33,34,38,30,26,28,29,27,26
./spec/iriq/calibration_spec.rb[1:1:165],29,28,33,40,43,288,40,35,45,39,33,32,35,26,25,29,27,27,25
./spec/iriq/calibration_spec.rb[1:1:166],28,28,32,37,31,87,41,34,43,38,32,32,35,26,25,26,26,27,26
./spec/iriq/calibration_spec.rb[1:1:167],29,30,32,40,32,84,39,36,44,39,33,35,35,26,24,27,26,27,26
./spec/iriq/calibration_spec.rb[1:1:168],30,29,32,38,32,80,39,34,43,39,33,34,34,28,25,27,26,27,26
./spec/iriq/calibration_spec.rb[1:1:169],30,29,32,39,34,79,40,36,44,38,33,34,36,27,26,27,27,27,26
./spec/iriq/calibration_spec.rb[1:1:170],29,29,32,38,32,79,40,34,42,38,33,35,35,26,26,26,26,26,26
./spec/iriq/calibration_spec.rb[1:1:171],29,28,32,41,32,83,39,34,42,38,32,33,34,26,24,26,25,26,26
./spec/iriq/calibration_spec.rb[1:1:172],33,33,37,44,37,72,56,39,454,45,366,385,39,30,293,31,303,29,28
./spec/iriq/calibration_spec.rb[1:1:173],31,31,34,40,35,51,65,36,41,42,34,35,36,27,26,29,27,29,27
./spec/iriq/calibration_spec.rb[1:1:174],29,29,34,40,33,45,48,36,40,39,33,34,35,26,25,27,26,26,25
./spec/iriq/calibration_spec.rb[1:1:175],32,31,37,43,36,46,46,39,42,43,37,39,38,28,27,30,28,28,28
./spec/iriq/calibration_spec.rb[1:1:176],28,30,32,37,33,42,41,34,38,39,33,34,34,26,26,26,25,26,26
./spec/iriq/calibration_spec.rb[1:1:177],27,27,30,35,31,38,41,32,36,37,30,32,32,25,25,25,25,24,23
./spec/iriq/calibration_spec.rb[1:1:178],27,27,31,35,29,98,38,32,37,37,30,32,32,24,23,25,26,24,23
./spec/iriq/calibration_spec.rb[1:1:179],27,27,29,34,30,125,37,32,36,37,29,31,31,26,23,27,24,24,24
./spec/iriq/calibration_spec.rb[1:1:180],28,31,32,39,31,101,40,34,41,38,31,33,33,26,25,26,26,26,24
./spec/iriq/calibration_spec.rb[1:1:181],28,28,31,38,31,85,39,36,38,39,32,35,33,25,25,27,26,26,27
./spec/iriq/calibration_spec.rb[1:1:182],34,39,41,47,40,116,50,43,77,48,41,41,41,34,31,33,30,34,30
./spec/iriq/calibration_spec.rb[1:1:183],30,31,33,40,36,87,42,37,50,41,35,36,37,29,26,29,26,27,27
./spec/iriq/calibration_spec.rb[1:1:184],29,30,33,39,32,50,38,35,44,39,33,33,34,26,25,27,26,26,25
./spec/iriq/calibration_spec.rb[1:1:185],29,29,33,38,33,65,40,35,40,40,33,35,34,27,26,26,26,26,26
./spec/iriq/calibration_spec.rb[1:1:186],29,29,34,39,32,51,40,36,41,40,34,35,34,27,26,27,26,26,26
./spec/iriq/calibration_spec.rb[1:1:187],29,29,32,38,32,46,39,35,41,39,32,34,34,26,25,27,25,26,26
./spec/iriq/calibration_spec.rb[1:1:188],28,28,33,37,31,42,38,35,39,38,31,32,34,26,24,26,24,25,24
./spec/iriq/calibration_spec.rb[1:1:189],30,29,32,38,31,43,42,34,42,43,31,33,33,27,27,27,25,25,24
./spec/iriq/calibration_spec.rb[1:1:190],28,28,31,37,31,38,37,33,42,38,32,31,34,25,24,26,24,25,24
./spec/iriq/calibration_spec.rb[1:1:191],27,27,31,36,30,37,36,33,39,38,31,31,32,25,24,25,24,24,24
./spec/iriq/calibration_spec.rb[1:1:192],31,33,35,41,32,46,198,177,38,43,31,32,33,29,24,30,23,29,28
./spec/iriq/calibration_spec.rb[1:1:193],29,29,32,38,31,41,38,34,199,40,30,32,32,26,23,27,24,26,25
./spec/iriq/calibration_spec.rb[1:1:194],28,28,33,37,34,40,37,33,43,39,35,35,37,26,27,27,27,26,25
./spec/iriq/calibration_spec.rb[1:1:195],24,23,26,32,27,33,80,29,34,32,28,28,30,22,21,22,21,22,21
./spec/iriq/calibration_spec.rb[1:1:196],24,24,26,31,26,32,46,28,32,33,27,28,28,21,21,22,21,21,21
./spec/iriq/calibration_spec.rb[1:1:197],28,28,31,38,33,40,46,34,40,40,33,34,35,27,26,27,27,26,25
./spec/iriq/calibration_spec.rb[1:1:198],28,29,32,39,32,156,41,34,38,39,32,34,34,27,25,27,25,26,25
./spec/iriq/calibration_spec.rb[1:1:199],28,28,30,37,32,44,39,33,38,39,32,33,33,26,24,25,25,26,24
./spec/iriq/calibration_spec.rb[1:1:200],28,30,31,38,32,39,39,33,39,38,32,32,32,26,25,26,25,27,25
./spec/iriq/calibration_spec.rb[1:1:201],29,27,31,36,32,38,39,33,37,38,31,32,30,25,24,26,24,25,23
./spec/iriq/calibration_spec.rb[1:1:202],30,30,34,39,36,42,42,35,41,41,34,35,32,28,26,28,26,28,26
./spec/iriq/calibration_spec.rb[1:1:203],28,28,30,38,53,39,38,34,38,38,31,32,31,26,24,27,25,25,24
./spec/iriq/calibration_spec.rb[1:1:204],29,28,33,38,40,39,39,34,37,38,32,33,31,26,25,26,25,26,25
./spec/iriq/calibration_spec.rb[1:1:205],29,28,32,37,37,41,41,36,38,40,33,34,31,27,25,26,27,27,24
./spec/iriq/calibration_spec.rb[1:1:206],29,28,31,37,34,37,39,32,38,37,31,32,31,26,24,25,24,25,24
./spec/iriq/cli_e2e_spec.rb[1:1],284940,298120,287520,309263,307009,366178,378166,290448,490446,418738,286623,282493,274658,210601,190954,202933,192461,185852,193418
./spec/iriq/cli_e2e_spec.rb[1:2],242147,233202,303570,328135,435545,379082,449336,259115,418764,399179,251936,265535,260999,272052,182805,197331,194752,174974,195966
./spec/iriq/cli_e2e_spec.rb[1:3],236150,239628,260864,284794,358936,342218,372911,252516,411857,536424,264687,242388,276692,371279,203844,193675,237869,179071,206539
./spec/iriq/cli_e2e_spec.rb[1:4],224056,265707,252276,299130,266834,533156,446095,272068,1112743,408706,313719,232317,301277,325242,194785,194605,275981,186640,200011
./spec/iriq/cli_e2e_spec.rb[1:5],225658,229147,299746,366159,262140,410062,534514,256177,1415396,404834,257729,249333,347128,370531,206343,192171,380367,189420,207225
./spec/iriq/cli_e2e_spec.rb[1:6],245512,249219,279679,417928,295009,498363,392061,259133,1116547,530396,259901,275711,262224,515004,217812,196324,233559,194353,216224
./spec/iriq/cli_e2e_spec.rb[1:8],238288,253884,261575,339117,358060,600378,409610,247237,512266,406385,290737,265005,292321,439302,203636,207049,204627,187974,189920
./spec/iriq/cli_e2e_spec.rb[1:7:1],711667,1012874,977804,903418,950940,1391370,1362875,1154381,1310905,3248984,891737,834851,746276,868475,661027,589940,582448,581596,600050
./spec/iriq/cli_e2e_spec.rb[1:7:2],450925,657780,672283,623885,513706,855153,910853,647383,580477,1090372,557807,615972,472650,544754,406626,396137,394871,385181,415166
./spec/iriq/cli_e2e_spec.rb[1:7:3],453754,644456,629628,612821,593098,1967097,794530,630208,641889,638826,555176,620158,473460,830127,384692,407232,352005,388773,401510
./spec/iriq/cli_e2e_spec.rb[1:9:1],340047,546950,494798,398019,634747,2089560,1905798,573202,427530,432117,538531,477472,348092,483781,298962,485723,264641,278440,327229
./spec/iriq/cli_e2e_spec.rb[1:9:2],618521,1075444,1196587,678396,758613,1425073,1710219,1068094,818835,727092,882951,829377,592672,782218,508103,608738,451906,501674,542508
./spec/iriq/cli_e2e_spec.rb[1:9:3],870401,1608796,2046202,975501,981526,1532908,1767975,1444151,1180132,1185409,1387992,1099896,929797,1025935,728703,1181292,645659,689820,758876
./spec/iriq/cli_spec.rb[1:1:1],589,977,811,585,613,717,741,759,614,686,644,713,706,569,589,1098,532,603,980
./spec/iriq/cli_spec.rb[1:1:2],330,436,526,336,346,405,439,415,371,385,373,380,380,291,305,888,298,282,390
./spec/iriq/cli_spec.rb[1:1:3],300,363,397,329,327,378,392,395,341,359,348,352,337,288,271,766,267,268,425
./spec/iriq/cli_spec.rb[1:1:4],355,415,608,385,390,451,475,1023,401,428,425,429,378,313,321,764,323,303,398
./spec/iriq/cli_spec.rb[1:1:5],640,790,858,698,749,819,1030,1573,752,825,778,771,728,635,658,1485,589,627,904
./spec/iriq/cli_spec.rb[1:2:1],437,515,547,452,473,532,1081,1150,481,531,488,518,471,407,396,1009,356,405,502
./spec/iriq/cli_spec.rb[1:2:2],537,641,1192,596,601,703,1230,1532,633,658,623,633,597,524,489,1558,464,498,545
./spec/iriq/cli_spec.rb[1:2:3],312,371,419,344,341,397,712,836,371,372,365,367,357,286,289,936,267,303,336
./spec/iriq/cli_spec.rb[1:2:4],314,344,1124,355,348,383,839,1225,390,334,361,378,381,279,263,336,280,265,457
./spec/iriq/cli_spec.rb[1:2:5],444,463,553,456,439,545,1076,639,490,458,491,508,442,413,359,398,374,320,459
./spec/iriq/cli_spec.rb[1:2:6],1083,1137,3199,909,10837,1223,1434,1182,1135,1047,1000,1580,996,1032,931,2681,728,861,885
./spec/iriq/cli_spec.rb[1:3:1],602,450,2377,400,419,837,596,520,671,474,444,491,404,540,345,1117,318,328,386
./spec/iriq/cli_spec.rb[1:3:2],563,405,880,358,358,627,460,446,601,409,389,394,379,496,1727,3978,275,307,308
./spec/iriq/cli_spec.rb[1:3:3],1791,313,2592,1644,1708,2120,2244,3375,1758,316,1731,2252,284,1737,261,821,1560,1749,1824
./spec/iriq/cli_spec.rb[1:3:4:1],1393,3190,2089,1546,1539,1805,2148,2416,1637,3072,1653,1703,3044,1297,1264,2271,1196,1259,1334
./spec/iriq/cli_spec.rb[1:3:4:2],244,299,405,276,254,320,344,836,280,299,292,305,306,228,232,650,206,233,239
./spec/iriq/cli_spec.rb[1:4:1],477,515,669,453,452,526,662,1214,479,521,511,566,489,435,831,1819,384,722,436
./spec/iriq/cli_spec.rb[1:4:2],716,857,1005,742,731,908,985,2093,806,806,809,970,773,674,309,863,636,324,848
./spec/iriq/cli_spec.rb[1:4:3],328,394,5907,353,355,425,449,732,391,387,394,409,371,308,307,803,288,310,341
./spec/iriq/cli_spec.rb[1:5:1],606,374,1561,665,339,857,1262,828,362,381,377,377,347,291,578,685,276,604,631
./spec/iriq/cli_spec.rb[1:5:2],284,694,2512,315,307,376,865,367,671,681,698,734,656,600,253,297,517,270,760
./spec/iriq/cli_spec.rb[1:5:3],302,356,450,336,337,390,752,2318,364,369,358,366,336,284,481,519,259,273,328
./spec/iriq/cli_spec.rb[1:5:4],515,329,1668,591,575,666,1468,1541,581,336,584,646,547,485,245,265,441,475,547
./spec/iriq/cli_spec.rb[1:5:5],268,588,714,306,336,356,890,686,321,599,326,323,302,249,244,262,233,245,269
./spec/iriq/cli_spec.rb[1:5:6],316,350,711,316,360,369,1413,694,345,343,345,349,321,285,382,411,254,264,283
./spec/iriq/cli_spec.rb[1:5:7],425,491,955,452,503,539,1043,960,467,332,483,483,451,389,250,266,356,375,414
./spec/iriq/cli_spec.rb[1:5:8],292,349,754,322,361,379,724,827,343,499,350,347,332,268,271,294,251,269,682
./spec/iriq/cli_spec.rb[1:5:9],523,1330,1046,583,741,689,1098,8632,721,630,724,726,588,487,541,574,522,562,528
./spec/iriq/cli_spec.rb[1:6:1],462,1133,860,506,449,615,900,655,439,547,442,447,487,423,365,374,331,355,490
./spec/iriq/cli_spec.rb[1:7:1],9517,953,397,313,348,381,425,361,330,340,341,340,314,256,365,271,243,262,272
./spec/iriq/cli_spec.rb[1:8:1],2204,1289,785,662,732,754,1279,1109,682,10549,683,709,638,564,456,474,534,532,878
./spec/iriq/cli_spec.rb[1:8:2],806,1100,461,380,413,12989,651,1059,410,576,411,414,376,317,312,334,304,313,881
./spec/iriq/cli_spec.rb[1:8:3],952,937,429,354,378,549,917,821,376,413,387,381,361,294,407,409,278,295,606
./spec/iriq/cli_spec.rb[1:8:4],899,890,524,480,469,1376,1232,749,503,427,508,498,473,406,277,299,386,372,419
./spec/iriq/cli_spec.rb[1:8:5],473,1244,423,355,380,657,1045,780,376,557,388,386,356,301,298,315,276,296,328
./spec/iriq/cli_spec.rb[1:8:6],436,771,525,444,476,655,1305,991,466,541,469,473,447,370,380,403,347,369,417
./spec/iriq/cli_spec.rb[1:8:7],362,471,448,383,443,470,1186,507,435,457,438,447,417,344,313,327,316,322,342
./spec/iriq/cli_spec.rb[1:8:8],331,413,2272,349,369,417,1026,409,377,415,379,376,349,289,288,303,272,285,310
./spec/iriq/cli_spec.rb[1:8:9],318,401,467,352,366,406,1065,391,384,424,371,372,348,287,280,297,271,278,301
./spec/iriq/cli_spec.rb[1:8:11],580,725,1040,636,690,1272,1540,1576,695,791,702,692,649,536,518,560,498,532,557
./spec/iriq/cli_spec.rb[1:8:12],557,691,779,621,665,2539,1365,1622,659,745,662,665,622,509,509,531,484,508,525
./spec/iriq/cli_spec.rb[1:8:13],566,724,1926,645,681,786,1354,1432,672,754,696,690,633,523,511,569,491,522,549
./spec/iriq/cli_spec.rb[1:8:14],427,528,925,481,514,584,1028,1383,515,604,535,518,482,397,397,438,371,401,420
./spec/iriq/cli_spec.rb[1:8:15],314,389,1145,357,376,422,1593,451,370,1029,388,376,356,294,295,318,272,288,306
./spec/iriq/cli_spec.rb[1:8:10:1],388,470,524,407,451,505,903,523,446,590,455,447,421,355,339,382,332,347,380
./spec/iriq/cli_spec.rb[1:8:10:2],359,441,496,402,442,476,564,490,430,496,430,441,400,343,341,1105,307,352,368
./spec/iriq/cli_spec.rb[1:8:10:3],1115,462,1684,1179,1316,5041,3197,1581,1287,526,1478,1498,415,351,1139,3320,1017,1264,1270
./spec/iriq/cli_spec.rb[1:8:10:4],359,1544,1009,389,419,504,615,468,430,1629,434,429,11336,358,322,1297,309,328,364
./spec/iriq/cli_spec.rb[1:8:10:5],612,431,1841,683,727,1514,1682,805,741,490,748,413,393,328,606,1883,297,666,793
./spec/iriq/cli_spec.rb[1:8:10:6],357,779,563,389,414,1387,863,1234,428,873,421,414,707,605,317,1023,300,325,406
./spec/iriq/cli_spec.rb[1:8:10:7],879,1084,1214,999,993,1990,1782,2693,1013,1185,1002,990,927,822,753,1672,732,826,956
./spec/iriq/cli_spec.rb[1:8:10:8],336,404,456,367,389,705,970,902,394,441,394,389,367,305,443,371,284,301,416
./spec/iriq/cli_spec.rb[1:8:10:9],492,405,685,553,573,1019,5917,1204,579,444,575,570,363,307,294,515,428,459,517
./spec/iriq/cli_spec.rb[1:8:10:10],358,641,487,408,428,1198,954,852,434,707,432,427,399,335,324,375,310,330,402
./spec/iriq/cli_spec.rb[1:8:10:11],311,373,415,352,493,1171,964,441,490,440,492,482,340,283,367,420,356,381,379
./spec/iriq/cli_spec.rb[1:8:10:12],430,525,582,501,386,912,828,575,385,605,388,381,468,394,290,324,277,294,490
./spec/iriq/cli_spec.rb[1:8:10:13],327,406,452,390,389,954,934,436,390,454,394,387,365,304,304,324,281,302,340
./spec/iriq/cli_spec.rb[1:8:10:14],257,312,347,308,388,738,643,335,386,349,390,10525,288,239,299,314,222,294,419
./spec/iriq/cli_spec.rb[1:9:1],1385,2929,2249,1651,1672,1995,9633,4616,1567,2021,1662,1751,5441,1442,1465,4647,1204,1397,1709
./spec/iriq/cli_spec.rb[1:9:2],308,882,445,378,404,448,1021,935,376,447,387,391,388,300,387,369,289,315,355
./spec/iriq/cli_spec.rb[1:10:1],937,2330,2248,1052,1154,1195,2194,2468,1084,1101,1083,1120,1033,905,891,1081,843,918,1017
./spec/iriq/cli_spec.rb[1:10:2],1330,1935,2889,1487,1587,1787,2116,2711,1567,1867,1593,1585,1495,1275,1356,1519,1201,1286,1507
./spec/iriq/cli_spec.rb[1:10:3],7237,9260,12137,15610,8228,11960,11950,30617,20500,9700,20784,8776,8249,6892,6996,11622,6523,6887,10891
./spec/iriq/cli_spec.rb[1:10:4],410,596,1068,956,469,677,596,1294,977,557,615,510,475,398,431,464,370,378,547
./spec/iriq/cli_spec.rb[1:10:5],725,973,1223,972,817,1176,1030,2064,1619,1267,1047,877,810,680,790,790,639,659,871
./spec/iriq/cli_spec.rb[1:11:1],821,11451,1227,993,927,1324,1134,4188,2026,1205,1137,1019,928,786,1732,1802,713,1670,1047
./spec/iriq/cli_spec.rb[1:11:2],1130,5510,3070,1356,1281,1875,3766,3123,1964,1706,1649,1579,1385,1261,437,492,1072,436,1757
./spec/iriq/cli_spec.rb[1:11:3],547,12940,1571,629,613,1099,1863,1649,742,730,744,674,612,514,524,558,482,492,718
./spec/iriq/cli_spec.rb[1:12:1:1],1589,19625,5853,1853,1824,3099,2607,3122,2101,2196,2172,1950,1850,1556,1347,2037,1438,1548,1960
./spec/iriq/cli_spec.rb[1:12:2:1],2427,4375,8148,2741,2691,4127,3573,12201,3044,3259,3192,2904,2725,2299,2035,2213,2156,2355,2655
./spec/iriq/cli_spec.rb[1:12:2:2],1308,1908,3419,1474,5796,2053,3237,2680,1631,1504,1735,1545,1462,1215,1279,1301,1146,1320,1440
./spec/iriq/cli_spec.rb[1:12:2:3],2692,3408,6681,3008,7431,3960,5540,3834,3395,3675,3237,3201,2986,2528,2589,2626,2330,2852,3318
./spec/iriq/cli_spec.rb[1:12:2:4],1946,2497,3113,2217,5177,2854,2724,2700,2432,2563,2398,2353,2172,1850,1951,1931,1724,2111,2225
./spec/iriq/cli_spec.rb[1:12:3:1],1269,1602,3413,1454,1619,1740,1741,1784,1656,1572,1670,1579,1471,1283,1512,3724,1165,1282,1411
./spec/iriq/cli_spec.rb[1:12:3:2],1307,2172,3452,1448,1558,1720,1770,1762,1610,1583,1705,1573,1448,1232,1416,1478,1158,1246,1563
./spec/iriq/cli_spec.rb[1:12:3:3],1269,4116,2030,1442,1531,1707,2066,1721,1624,1535,1666,1531,1425,1322,1324,1369,1126,1237,1527
./spec/iriq/cli_spec.rb[1:13:1],493,860,1059,543,579,846,1561,680,616,595,645,601,544,472,533,542,422,477,593
./spec/iriq/cli_spec.rb[1:13:2],514,774,1040,581,617,874,1437,719,655,629,660,630,579,497,562,565,457,499,680
./spec/iriq/cli_spec.rb[1:13:3],858,1265,1707,970,1042,1246,1520,1213,1059,1055,1053,1055,958,828,3525,2975,767,780,1144
./spec/iriq/cli_spec.rb[1:13:4],297,417,444,334,367,413,462,423,369,371,360,366,335,296,937,932,267,276,369
./spec/iriq/cli_spec.rb[1:14:1],382,499,1245,431,459,524,543,518,464,461,466,461,431,363,1119,1155,343,354,436
./spec/iriq/cli_spec.rb[1:14:2],359,476,1270,400,436,550,513,506,445,433,449,449,401,358,4567,3953,319,1346,395
./spec/iriq/cli_spec.rb[1:14:3],547,2045,1937,595,618,1895,2087,762,1691,1629,1710,1614,1523,1466,828,1145,1153,491,1875
./spec/iriq/cli_spec.rb[1:14:4],355,480,1099,411,423,507,510,498,449,447,450,442,414,367,828,714,333,639,449
./spec/iriq/clusterer_spec.rb[1:1:1],133,199,362,156,159,546,561,592,493,165,498,500,149,429,178,156,362,144,538
./spec/iriq/clusterer_spec.rb[1:1:2],79,466,127,91,94,105,108,111,96,412,102,99,393,81,84,84,69,82,105
./spec/iriq/clusterer_spec.rb[1:1:3],632,537,72662,696,490,617,848,861,501,496,503,497,466,403,674,662,360,452,514
./spec/iriq/clusterer_spec.rb[1:1:4],68,85,345,74,321,104,89,91,331,74,334,319,69,60,65,65,232,315,73
./spec/iriq/clusterer_spec.rb[1:1:5],68,383,219,75,80,95,88,90,82,342,83,83,76,307,67,69,60,79,96
./spec/iriq/clusterer_spec.rb[1:1:6],75,103,229,82,88,104,101,104,94,93,91,92,321,73,81,77,64,93,75
./spec/iriq/clusterer_spec.rb[1:2:1],99,128,270,112,118,134,132,135,119,123,119,118,119,93,106,101,84,119,99
./spec/iriq/clusterer_spec.rb[1:2:2],75,99,205,86,91,106,102,104,93,92,93,93,89,72,82,79,66,94,77
./spec/iriq/clusterer_spec.rb[1:2:3],49,61,116,55,57,65,64,64,58,58,57,58,55,46,51,49,40,54,47
./spec/iriq/concurrency_spec.rb[1:1],197431,163754,331529,145656,173552,221066,279610,279010,164531,196802,215838,211913,187323,127343,151370,123731,120160,123225,181991
./spec/iriq/corpus_spec.rb[1:1:1],217,306,398,249,276,393,314,296,253,261,313,276,278,228,239,211,221,266,272
./spec/iriq/corpus_spec.rb[1:1:2],795,1330,1497,8994,837,1482,1089,1219,1194,892,1238,875,1063,924,699,657,895,837,792
./spec/iriq/corpus_spec.rb[1:2:1],196,891,517,206,196,715,263,833,196,420,218,198,201,168,165,163,169,177,351
./spec/iriq/corpus_spec.rb[1:2:2],158,412,440,171,170,350,221,422,179,189,187,165,172,139,137,136,142,145,140
./spec/iriq/corpus_spec.rb[1:2:3],161,427,468,170,170,350,223,416,180,183,189,170,181,139,138,136,142,144,142
./spec/iriq/corpus_spec.rb[1:2:4],155,420,624,164,171,231,225,449,174,175,191,165,185,140,139,134,142,149,141
./spec/iriq/corpus_spec.rb[1:3:1],155,412,451,175,168,240,228,222,170,182,186,167,169,133,141,137,150,148,148
./spec/iriq/corpus_spec.rb[1:3:2],124,333,402,134,134,165,338,154,141,146,142,133,134,107,191,184,114,112,114
./spec/iriq/corpus_spec.rb[1:4:1],140,400,1088,153,255,242,210,180,255,164,269,254,160,129,129,127,224,135,156
./spec/iriq/corpus_spec.rb[1:4:2],272,359,661,298,174,645,381,347,180,190,181,176,177,237,150,136,152,257,291
./spec/iriq/corpus_spec.rb[1:4:3],142,183,363,164,157,397,215,181,166,171,167,173,151,130,131,130,130,135,144
./spec/iriq/corpus_spec.rb[1:4:4],809,1060,2300,936,934,1832,1228,1046,982,1001,1015,942,940,759,760,755,780,804,844
./spec/iriq/corpus_spec.rb[1:5:1],380,468,1408,429,426,782,524,464,447,456,457,423,422,346,350,335,342,362,395
./spec/iriq/corpus_spec.rb[1:5:2],358,433,544,398,504,772,488,437,422,447,427,517,397,326,430,402,326,350,377
./spec/iriq/corpus_spec.rb[1:5:3],407,434,576,469,404,750,562,514,424,432,431,406,499,419,323,309,335,419,443
./spec/iriq/corpus_spec.rb[1:6:1],90,106,123,98,95,157,134,113,102,108,106,94,93,76,79,73,80,85,87
./spec/iriq/corpus_spec.rb[1:6:2],282,351,362,318,317,599,378,352,337,349,342,320,329,261,264,246,277,271,271
./spec/iriq/corpus_spec.rb[1:6:3],234,285,324,265,268,446,307,294,276,297,283,262,257,214,256,231,217,223,290
./spec/iriq/corpus_spec.rb[1:6:4],236,293,311,263,305,373,368,296,324,305,330,307,314,260,223,204,252,227,249
./spec/iriq/corpus_spec.rb[1:6:5],209,252,524,235,235,312,332,261,251,265,258,239,248,192,193,178,197,199,203
./spec/iriq/corpus_spec.rb[1:7:1],550,682,722,629,628,1077,1239,682,660,697,663,624,620,513,512,469,509,514,612
./spec/iriq/corpus_spec.rb[1:7:2],752,922,936,854,851,1428,1046,1922,896,928,911,840,840,706,702,642,696,690,774
./spec/iriq/corpus_spec.rb[1:8:1],71,99,96,90,85,108,101,215,86,99,88,82,84,66,69,58,68,65,89
./spec/iriq/corpus_spec.rb[1:8:2],57,78,82,75,72,128,87,159,71,82,75,67,68,59,62,53,57,59,70
./spec/iriq/corpus_spec.rb[1:9:1],796,1021,1206,913,887,1251,1053,1527,828,1024,968,926,864,746,810,655,738,700,832
./spec/iriq/corpus_spec.rb[1:9:2],514,659,682,580,602,829,763,765,593,639,642,574,610,521,516,443,484,514,592
./spec/iriq/corpus_spec.rb[1:10:1],390,486,507,462,457,816,537,514,497,480,490,456,445,379,364,342,377,359,430
./spec/iriq/corpus_spec.rb[1:11:1],436,549,604,519,515,983,690,581,527,528,543,509,486,414,451,390,409,430,444
./spec/iriq/corpus_spec.rb[1:11:2],331,421,445,396,393,731,506,421,405,406,413,393,372,316,334,306,313,312,367
./spec/iriq/corpus_spec.rb[1:12:1],80,107,107,97,94,156,125,109,92,105,101,94,93,88,83,78,73,86,85
./spec/iriq/corpus_spec.rb[1:12:2],56,72,67,68,58,83,81,67,61,69,67,58,60,53,49,53,48,53,55
./spec/iriq/corpus_spec.rb[1:12:3],53,62,76,61,59,82,74,65,61,62,63,64,58,49,51,49,52,51,53
./spec/iriq/corpus_spec.rb[1:12:4],49,59,64,57,55,77,71,61,61,58,64,57,56,46,52,48,49,50,52
./spec/iriq/corpus_spec.rb[1:13:1],44,55,58,53,50,61,67,55,54,52,52,52,50,45,52,54,41,49,51
./spec/iriq/corpus_spec.rb[1:13:2],1869,2445,2755,2138,2225,3369,2639,2455,2101,2273,2407,2269,2020,1957,2355,1890,1770,2058,2131
./spec/iriq/corpus_spec.rb[1:13:3],3160,4185,4216,3659,3601,6242,7038,4417,3838,4010,3956,3753,3787,3184,3312,3087,3032,3027,3451
./spec/iriq/corpus_spec.rb[1:13:4],2278,2791,2931,2541,2538,4250,6167,3034,2692,2708,2749,2549,2513,2214,2108,2075,2078,2126,2290
./spec/iriq/corpus_spec.rb[1:14:1],1284,1564,1631,1417,1468,2535,2165,1710,1516,1524,1566,1460,1442,1208,1213,1163,1205,1178,1294
./spec/iriq/corpus_spec.rb[1:14:2],273,336,337,304,305,528,383,359,326,328,325,307,300,245,250,246,252,251,266
./spec/iriq/corpus_spec.rb[1:14:3],1091,1332,1360,1226,4039,2378,1482,1451,1292,1296,1316,1221,1221,990,1006,998,995,1010,1031
./spec/iriq/corpus_spec.rb[1:14:4],3937,2006,2181,1702,3991,3048,2321,2169,1702,1777,1934,1682,1730,1593,1557,1451,1455,1501,1689
./spec/iriq/corpus_spec.rb[1:14:5],1387,1507,1717,1543,2653,2530,4375,1849,1624,1654,1800,1569,1554,1231,1273,1283,1275,1262,1553
./spec/iriq/corpus_spec.rb[1:14:6],1294,1624,1561,1424,1411,2289,4339,1699,1506,1531,1653,1515,1352,1343,1139,1166,1081,1146,1338
./spec/iriq/corpus_spec.rb[1:15:1],302,427,349,317,317,420,2678,379,343,344,381,345,326,359,257,264,317,262,309
./spec/iriq/corpus_spec.rb[1:15:2],994,1133,1189,1108,1083,1969,3779,1241,1111,1130,1275,1116,1133,893,883,920,845,874,995
./spec/iriq/corpus_spec.rb[1:15:3],209,242,40074,232,227,415,292,274,306,312,266,313,233,199,184,188,181,289,252
./spec/iriq/corpus_spec.rb[1:15:4],914,1113,1298,1011,1028,1673,1204,1196,1071,1080,1194,11009,1051,854,840,861,872,832,983
./spec/iriq/corpus_spec.rb[1:16:1],88,102,137,95,97,167,119,115,101,107,112,118,101,85,80,81,83,86,87
./spec/iriq/corpus_spec.rb[1:16:2],23287,36722,93404,25346,26603,55193,42883,31800,32946,36594,47079,27295,36026,21560,21215,24933,21248,21619,24397
./spec/iriq/corpus_spec.rb[1:17:1],2288,2681,5262,2429,2469,2904,4294,2946,2658,2637,2681,2471,2487,2069,2000,2586,2011,2000,2383
./spec/iriq/corpus_spec.rb[1:17:2],2498,2773,4169,2533,2547,3000,4235,3018,2773,2736,2839,2557,2589,2128,2154,2178,2066,2059,2575
./spec/iriq/corpus_spec.rb[1:18:1],444,451,1169,400,404,501,527,509,470,441,461,410,441,349,733,819,332,670,414
./spec/iriq/corpus_spec.rb[1:18:2],791,243,2799,561,553,758,791,814,759,228,757,601,219,586,174,178,488,171,697
./spec/iriq/corpus_spec.rb[1:19:1],301,299,374,255,267,324,316,321,291,289,304,270,275,229,225,233,216,217,321
./spec/iriq/corpus_spec.rb[1:20:1],192,214,791,191,194,228,231,629,213,208,210,197,199,164,307,330,156,159,205
./spec/iriq/corpus_spec.rb[1:20:2],379,233,493,367,372,447,458,618,427,225,427,383,211,177,179,182,169,308,437
./spec/iriq/corpus_spec.rb[1:21:1],127,329,160,125,124,152,150,166,139,305,140,131,305,258,104,108,104,103,121
./spec/iriq/corpus_spec.rb[1:21:2],103,177,129,106,107,128,125,134,117,123,116,111,112,92,89,91,88,87,112
./spec/iriq/corpus_spec.rb[1:21:3],127,166,154,133,129,154,154,163,142,146,143,133,135,109,111,112,106,106,119
./spec/iriq/corpus_spec.rb[1:21:4],98,163,124,101,100,119,122,126,111,109,110,103,103,84,87,86,80,84,90
./spec/iriq/corpus_spec.rb[1:21:5],87,105,102,79,78,116,104,115,97,98,101,89,95,81,73,80,73,73,83
./spec/iriq/corpus_spec.rb[1:22:1],2538,2956,3303,2835,2764,3262,3280,3336,3014,2885,3164,2753,2745,2273,2319,2278,2243,2241,2713
./spec/iriq/corpus_spec.rb[1:22:2],2078,2571,2775,2299,2290,2689,2679,2747,2457,2539,2688,2287,2418,1992,1921,1918,1853,1854,2144
./spec/iriq/corpus_streaming_spec.rb[1:1:1],133918,174632,881499,134244,197231,233900,220041,213360,144648,157129,204234,144122,134600,109092,108809,110992,103887,101148,162793
./spec/iriq/corpus_streaming_spec.rb[1:1:2],147707,159110,957408,126584,156836,240060,203803,199673,125042,138807,152849,139794,129577,99044,104302,100932,96958,95103,124133
./spec/iriq/corpus_streaming_spec.rb[1:1:3],148075,162424,218885,124626,147709,214902,139280,225382,142701,174328,165244,136883,172001,98519,110898,98461,98199,92028,108048
./spec/iriq/corpus_streaming_spec.rb[1:2:1],143991,171537,266188,126723,156895,243003,166616,555422,155736,158986,166159,146398,144757,98071,104166,93554,98531,91240,106917
./spec/iriq/corpus_streaming_spec.rb[1:2:2],115123,171243,211447,138987,146022,166732,172220,218104,157118,153444,139326,129607,140548,96326,101452,92487,101442,88312,100529
./spec/iriq/corpus_streaming_spec.rb[1:3:1],125563,225026,234813,128072,130951,175443,153899,243509,195920,150973,153048,138126,121611,97769,102142,94434,99896,91944,103211
./spec/iriq/corpus_streaming_spec.rb[1:3:2],118396,168841,173649,135492,148581,193621,185138,270596,209776,147391,138402,128209,118961,99603,103395,98576,101160,92750,102098
./spec/iriq/corpus_streaming_spec.rb[1:4:1],120061,190525,148527,141263,142795,168435,209659,226924,147859,154588,117563,114179,116283,100493,101185,101327,93754,89455,97870
./spec/iriq/corpus_streaming_spec.rb[1:4:2],122665,218740,152967,136097,141463,171582,173943,271428,180021,141261,133792,126636,116287,105764,101392,95375,91005,88396,100311
./spec/iriq/corpus_streaming_spec.rb[1:4:3],125358,181634,146874,123111,130215,150951,161450,231680,142775,143159,147501,146049,115594,101433,103068,94449,91320,90429,112932
./spec/iriq/corpus_streaming_spec.rb[1:4:4],142180,193831,148951,126524,160415,143437,158412,236774,157212,146151,123400,139169,120722,101418,99859,99581,91218,90075,102602
./spec/iriq/corpus_streaming_spec.rb[1:4:5],219538,194602,164694,130898,141585,155804,151888,259807,153144,132064,128374,131532,125403,97395,101993,95220,92346,88917,105715
./spec/iriq/corpus_streaming_spec.rb[1:5:1],219775,236836,168367,152942,138926,171825,216657,205074,146051,144037,124181,147534,130066,96265,100989,90766,95543,88935,110537
./spec/iriq/corpus_streaming_spec.rb[1:6:1],177497,194846,148864,158210,123507,144079,232252,526126,157101,143042,141632,121501,122737,96149,106981,90075,93218,89843,106992
./spec/iriq/cross_host_shape_spec.rb[1:1:1],313,210,187,206,168,186,203,243,184,182,183,177,160,156,177,132,144,134,193
./spec/iriq/cross_host_shape_spec.rb[1:1:2],204,178,156,156,134,149,154,174,148,143,138,141,130,115,131,105,109,104,116
./spec/iriq/cross_host_shape_spec.rb[1:1:3],146,155,140,134,123,133,138,152,132,126,123,125,116,102,109,95,97,94,111
./spec/iriq/cross_host_shape_spec.rb[1:1:4],256,265,235,242,221,236,240,271,236,225,219,218,206,175,188,168,178,168,193
./spec/iriq/cross_host_shape_spec.rb[1:1:5],125,124,110,117,100,107,110,129,110,107,104,98,94,85,96,75,79,77,90
./spec/iriq/cross_host_shape_spec.rb[1:1:6],515,576,508,523,477,512,511,1094,516,479,484,474,454,374,403,364,370,360,426
./spec/iriq/cross_host_shape_spec.rb[1:2:1],73,69,66,66,65,66,69,98,65,64,59,59,57,53,58,51,50,47,61
./spec/iriq/cross_host_shape_spec.rb[1:2:2],42,48,42,44,39,42,43,55,42,41,38,39,37,32,35,31,30,30,1010
./spec/iriq/event_spec.rb[1:1:1],104,106,100,1404,93,1115,95,138,98,96,91,95,88,81,121,72,76,73,93
./spec/iriq/event_spec.rb[1:1:2],60,69,75,72,56,75,61,98,60,1115,56,56,720,56,55,43,43,44,51
./spec/iriq/event_spec.rb[1:1:3],75,89,63,66,72,69,1118,79,1121,62,57,815,68,46,54,648,52,42,48
./spec/iriq/event_spec.rb[2:1],72,76,72,77,68,73,89,83,70,64,1028,65,65,54,63,56,54,49,58
./spec/iriq/event_spec.rb[2:2],41,47,47,40,40,45,46,50,42,40,45,41,37,30,36,34,29,28,36
./spec/iriq/event_spec.rb[2:3],63,67,60,61,54,63,61,75,60,65,59,54,52,45,57,42,46,42,53
./spec/iriq/event_spec.rb[2:4],67,71,69,74,64,66,68,77,65,78,61,62,61,52,71,44,49,48,62
./spec/iriq/evidence_spec.rb[1:1:1],52,61,52,54,49,60,55,62,54,56,49,47,46,42,52,39,41,40,42
./spec/iriq/evidence_spec.rb[1:2:1],44,46,41,42,37,44,47,51,42,40,38,38,36,31,36,29,30,30,34
./spec/iriq/evidence_spec.rb[1:3:1],35,41,36,37,34,40,37,43,37,38,34,35,32,26,33,26,26,25,30
./spec/iriq/evidence_spec.rb[1:4:1],71,72,69,70,60,73,72,82,63,66,59,60,59,50,67,46,49,47,53
./spec/iriq/evidence_spec.rb[1:4:2],45,50,44,45,43,47,46,58,44,44,40,41,38,31,40,30,31,32,34
./spec/iriq/evidence_spec.rb[2:1:1],67,72,64,65,60,69,66,78,64,68,62,58,59,52,66,50,49,233,70
./spec/iriq/evidence_spec.rb[2:1:2],87,105,339,363,80,358,87,396,86,88,86,78,79,261,344,66,64,65,87
./spec/iriq/evidence_spec.rb[2:1:3],60,371,68,67,56,72,65,80,61,311,60,57,267,51,57,44,216,45,56
./spec/iriq/evidence_spec.rb[2:1:4],97,97,85,87,81,91,349,103,360,85,80,292,76,66,84,231,63,60,73
./spec/iriq/evidence_spec.rb[2:2:1],139,149,133,133,122,143,135,157,135,131,356,123,115,102,126,96,97,93,114
./spec/iriq/explanation_spec.rb[1:1:1],62,65,57,59,53,62,58,68,59,56,59,54,50,43,49,41,42,42,48
./spec/iriq/explanation_spec.rb[1:1:2],48,50,46,47,44,51,48,54,48,44,44,44,41,34,37,33,33,46,39
./spec/iriq/explanation_spec.rb[1:1:3],47,48,43,44,40,47,43,54,44,41,44,43,37,33,36,32,31,30,38
./spec/iriq/explanation_spec.rb[1:1:4],38,44,39,42,37,44,40,46,40,40,38,38,34,30,32,35,27,28,33
./spec/iriq/explanation_spec.rb[1:1:5],41,47,40,42,38,45,42,47,42,40,41,38,36,30,34,36,30,30,33
./spec/iriq/extractor_spec.rb[1:1:1],41,46,45,45,38,48,42,49,43,40,42,40,39,32,36,43,33,32,37
./spec/iriq/extractor_spec.rb[1:1:2],33,37,34,36,32,38,36,40,34,33,33,33,31,26,32,25,25,25,30
./spec/iriq/extractor_spec.rb[1:1:3],42,47,42,45,39,46,43,50,42,40,40,41,37,32,36,30,31,29,40
./spec/iriq/extractor_spec.rb[1:2:1],60,66,54,62,52,65,58,68,57,56,54,53,50,42,47,42,42,196,49
./spec/iriq/extractor_spec.rb[1:2:2],48,56,282,303,50,292,50,327,52,52,47,46,44,40,43,34,38,36,69
./spec/iriq/extractor_spec.rb[1:2:3],55,328,60,60,55,67,58,71,62,272,56,56,51,43,46,41,43,43,76
./spec/iriq/extractor_spec.rb[1:2:4],65,76,64,64,60,70,280,72,294,61,58,257,258,47,49,201,198,45,68
./spec/iriq/extractor_spec.rb[1:3:1],46,59,51,47,45,52,49,52,50,49,260,47,44,35,38,34,38,33,55
./spec/iriq/extractor_spec.rb[1:3:2],44,51,45,46,42,49,47,51,46,43,47,44,41,33,37,33,34,33,43
./spec/iriq/extractor_spec.rb[1:4:1],53,56,55,51,47,57,52,61,55,47,52,48,50,38,45,39,41,35,50
./spec/iriq/extractor_spec.rb[1:4:2],46,53,47,49,43,54,48,55,47,46,47,44,43,44,37,32,35,34,42
./spec/iriq/extractor_spec.rb[1:4:3],49,53,51,49,44,54,51,56,49,46,48,53,43,38,38,34,36,34,41
./spec/iriq/extractor_spec.rb[1:4:4],48,54,48,51,48,54,50,58,50,46,46,45,44,38,40,38,36,37,52
./spec/iriq/extractor_spec.rb[1:4:5],46,55,47,48,44,50,49,56,47,45,44,44,42,34,39,33,34,34,44
./spec/iriq/extractor_spec.rb[1:4:6],43,48,44,44,40,49,45,55,47,42,45,41,39,32,36,33,31,31,41
./spec/iriq/extractor_spec.rb[1:5:1],57,68,55,56,51,59,56,70,57,55,56,52,51,40,45,39,40,38,220
./spec/iriq/extractor_spec.rb[1:5:2],46,56,49,50,46,53,48,59,49,47,46,44,43,35,207,35,36,163,60
./spec/iriq/extractor_spec.rb[1:5:3],47,55,46,47,43,51,45,60,45,44,44,50,41,175,42,32,36,35,44
./spec/iriq/extractor_spec.rb[1:5:4],50,58,241,244,48,253,52,283,53,50,50,49,46,40,43,37,39,37,52
./spec/iriq/extractor_spec.rb[1:6:1],254,57,52,50,49,55,48,60,51,49,49,46,46,39,41,35,35,35,48
./spec/iriq/extractor_spec.rb[1:6:2],46,56,48,47,44,52,234,53,46,44,46,42,41,34,36,158,34,32,39
./spec/iriq/extractor_spec.rb[1:6:3],44,51,46,45,42,51,45,53,43,43,42,43,39,32,35,33,32,31,37
./spec/iriq/extractor_spec.rb[1:6:4],43,49,45,44,43,49,45,50,44,43,41,40,38,32,34,31,31,30,36
./spec/iriq/extractor_spec.rb[1:6:5],126,59,52,53,49,57,53,58,52,49,48,48,199,38,43,37,38,36,44
./spec/iriq/extractor_spec.rb[1:7:1],64,56,51,52,51,55,53,57,226,48,49,222,44,37,39,36,39,36,62
./spec/iriq/extractor_spec.rb[1:7:2],74,53,48,48,44,51,48,54,49,44,45,47,42,34,37,33,41,32,59
./spec/iriq/extractor_spec.rb[1:8:1],44,42,37,39,34,41,39,43,38,35,37,35,34,31,29,28,29,29,46
./spec/iriq/extractor_spec.rb[1:8:2],37,38,34,36,32,37,37,43,36,31,34,34,31,26,27,25,29,24,33
./spec/iriq/extractor_spec.rb[1:8:3],49,51,45,46,41,49,47,51,45,42,44,43,40,33,36,32,34,32,39
./spec/iriq/extractor_spec.rb[1:9:1],61,63,57,59,53,62,60,83,56,54,54,61,52,43,47,41,42,40,73
./spec/iriq/extractor_spec.rb[1:9:2],54,57,51,52,50,57,55,60,52,48,48,49,47,37,41,36,38,36,54
./spec/iriq/extractor_spec.rb[1:10:1],107,114,108,107,101,114,116,214,358,98,100,108,99,85,95,85,82,83,113
./spec/iriq/extractor_spec.rb[1:11:1],52,58,52,53,48,62,54,184,123,50,49,49,47,38,43,37,38,37,53
./spec/iriq/extractor_spec.rb[1:12:1],93,105,95,97,88,104,97,212,198,90,89,90,85,70,223,67,69,67,223
./spec/iriq/extractor_spec.rb[1:13:1],38,44,40,39,36,42,44,80,82,36,37,37,34,29,32,29,29,30,36
./spec/iriq/extractor_spec.rb[1:13:2],36,47,172,38,35,223,37,359,83,35,34,36,34,149,29,27,27,27,63
./spec/iriq/extractor_spec.rb[1:13:3],35,216,38,38,36,41,37,84,76,182,33,33,34,29,29,27,151,26,30
./spec/iriq/extractor_spec.rb[1:13:4],199,46,38,38,37,42,38,79,64,38,35,194,34,29,29,27,31,27,39
./spec/iriq/extractor_spec.rb[1:13:5],38,40,35,36,33,42,198,91,44,35,33,34,31,26,27,28,26,27,35
./spec/iriq/extractor_spec.rb[1:14:1],52,58,52,52,48,57,53,116,59,49,52,48,49,38,40,38,41,36,46
./spec/iriq/extractor_spec.rb[1:14:2],56,63,57,61,54,66,60,118,62,55,55,54,55,42,49,41,42,42,60
./spec/iriq/extractor_spec.rb[1:14:3],35,39,36,37,34,40,9229,79,38,37,34,33,36,29,28,26,27,26,33
./spec/iriq/extractor_spec.rb[1:14:4],38,43,39,38,35,39,140,72,38,33,35,39,32,26,28,26,28,26,32
./spec/iriq/extractor_spec.rb[1:14:5],43,50,46,46,43,50,8585,94,48,43,43,43,40,34,36,37,33,34,40
./spec/iriq/extractor_spec.rb[1:14:6],45,54,49,50,46,54,75,113,50,47,45,45,45,37,38,35,36,41,41
./spec/iriq/extractor_spec.rb[1:14:7],47,54,49,49,45,53,64,110,51,46,47,46,44,36,37,35,36,37,40
./spec/iriq/extractor_spec.rb[1:14:8],46,53,49,49,44,56,55,100,49,46,45,46,44,38,39,33,35,44,53
./spec/iriq/extractor_spec.rb[1:14:9],44,50,49,46,44,51,53,137,47,44,43,46,42,34,35,32,33,32,118
./spec/iriq/extractor_spec.rb[1:14:10],46,52,48,48,47,52,52,124,50,46,45,49,43,35,97,37,40,34,50
./spec/iriq/extractor_spec.rb[1:14:11],52,57,51,56,48,57,56,111,54,49,49,47,44,41,40,39,37,40,42
./spec/iriq/extractor_spec.rb[1:14:12],53,59,115,55,50,58,58,208,60,53,54,50,48,79,42,39,40,38,58
./spec/iriq/extractor_spec.rb[1:14:13],102,52,50,46,42,51,47,110,47,48,44,43,44,34,37,33,33,33,40
./spec/iriq/extractor_spec.rb[1:14:14],41,44,37,37,35,39,104,76,40,34,34,39,32,26,27,29,29,24,31
./spec/iriq/extractor_spec.rb[1:14:15],51,57,51,51,46,55,56,112,55,48,52,46,45,37,40,36,37,36,43
./spec/iriq/extractor_spec.rb[1:14:16],43,48,43,43,39,47,47,92,44,42,41,41,38,32,35,31,31,31,36
./spec/iriq/extractor_spec.rb[1:14:17],34,38,34,35,32,37,41,73,35,32,33,32,30,25,53,24,24,24,28
./spec/iriq/extractor_spec.rb[1:14:18],46,49,45,44,40,49,60,98,46,44,42,42,39,32,52,31,32,81,58
./spec/iriq/extractor_spec.rb[1:15:1],49,54,50,52,45,57,55,108,52,6528,46,47,89,35,46,35,35,34,51
./spec/iriq/extractor_spec.rb[1:15:2],45,53,47,47,93,53,50,100,107,173,42,43,43,34,72,32,32,32,45
./spec/iriq/extractor_spec.rb[1:15:3],45,213,56,47,43,53,49,98,53,150,44,131,42,34,49,34,36,33,42
./spec/iriq/extractor_spec.rb[1:15:4],49,125,52,49,45,56,56,106,52,105,97,46,44,36,48,35,36,37,42
./spec/iriq/extractor_spec.rb[1:15:5],50,112,53,54,49,91,55,113,56,106,51,50,48,39,46,38,38,37,43
./spec/iriq/extractor_spec.rb[1:15:6],47,102,51,49,46,94,53,105,50,96,46,47,44,36,42,34,36,34,40
./spec/iriq/extractor_spec.rb[1:15:7],52,108,55,54,50,75,285,112,55,100,50,49,48,38,107,38,39,37,110
./spec/iriq/extractor_spec.rb[1:15:8],34,71,36,35,32,48,153,84,36,67,33,33,31,26,30,25,26,27,30
./spec/iriq/extractor_spec.rb[1:15:9],56,114,59,59,54,75,206,117,62,180,55,54,51,42,49,40,41,39,49
./spec/iriq/extractor_spec.rb[1:16:1],52,103,56,51,49,64,109,100,55,235,48,49,46,81,44,37,40,36,53
./spec/iriq/extractor_spec.rb[1:16:2],116,75,41,41,37,51,351,81,39,74,35,37,33,32,34,28,28,28,41
./spec/iriq/extractor_spec.rb[1:16:3],50,140,51,49,46,59,116,131,50,127,47,48,44,38,39,36,35,45,48
./spec/iriq/extractor_spec.rb[1:16:4],35,59,39,36,34,41,767,84,38,71,33,34,31,28,28,26,25,25,40
./spec/iriq/extractor_spec.rb[1:16:5],34,43,35,35,33,39,94,84,36,77,33,33,31,26,28,25,26,24,35
./spec/iriq/extractor_spec.rb[1:16:6],64,78,65,128,60,142,85,155,99,162,64,62,58,48,53,45,48,46,65
./spec/iriq/extractor_spec.rb[1:16:7],35,39,38,38,36,50,196,102,76,86,35,34,92,27,29,26,27,27,30
./spec/iriq/extractor_spec.rb[1:16:8],59,153,60,59,123,65,96,140,160,124,52,56,53,43,46,95,95,41,57
./spec/iriq/extractor_spec.rb[1:16:9],46,54,49,50,47,55,59,123,61,99,45,50,43,35,38,41,36,36,52
./spec/iriq/extractor_spec.rb[1:16:10],61,68,64,65,59,71,68,159,73,124,128,61,58,46,49,45,46,45,60
./spec/iriq/extractor_spec.rb[1:17:1],52,60,57,55,51,63,81,134,65,108,54,54,53,41,45,40,39,39,46
./spec/iriq/extractor_spec.rb[1:17:2],63,67,63,67,60,76,167,152,70,131,62,59,55,48,50,45,46,44,52
./spec/iriq/identifier_spec.rb[1:1:1],46,51,48,48,44,59,128,91,54,99,45,44,44,36,43,33,35,33,51
./spec/iriq/identifier_spec.rb[1:1:2],37,42,44,39,35,44,90,55,44,78,36,37,36,29,34,28,28,28,41
./spec/iriq/identifier_spec.rb[1:1:3],37,40,124,40,36,48,110,53,43,75,37,38,35,30,32,28,28,28,37
./spec/iriq/identifier_spec.rb[1:1:4],35,34,36,34,30,37,62,41,35,131,32,30,31,25,27,23,25,23,29
./spec/iriq/identifier_spec.rb[1:1:5],123,44,45,44,40,48,159,146,45,52,39,40,38,96,36,30,31,30,36
./spec/iriq/identifier_spec.rb[1:1:6],43,43,43,44,38,43,165,50,164,46,39,37,36,35,33,29,28,29,37
./spec/iriq/identifier_spec.rb[1:2:1],56,57,56,56,50,57,207,70,162,60,51,52,48,42,44,39,39,42,49
./spec/iriq/inflector_spec.rb[1:1:1],40,45,42,123,37,126,133,50,110,44,38,40,36,31,35,28,30,29,36
./spec/iriq/inflector_spec.rb[1:2:1],4753,33422,5760,4639,3917,5396,6422,14515,7459,4191,4155,4353,4059,5069,3741,3542,3303,3552,4223
./spec/iriq/inflector_spec.rb[1:2:2],219,384,258,174,162,181,200,390,195,160,155,153,148,133,156,119,120,125,145
./spec/iriq/inflector_spec.rb[1:3:1],275,362,184,186,174,200,298,529,211,187,172,169,160,205,170,131,132,136,176
./spec/iriq/inflector_spec.rb[1:4:1],46,101,50,47,43,48,52,98,51,45,48,41,40,34,40,34,36,33,42
./spec/iriq/inflector_spec.rb[1:4:2],37,75,40,41,38,39,42,77,41,40,36,36,36,30,31,28,28,27,44
./spec/iriq/inflector_spec.rb[1:4:3],35,74,37,39,34,37,37,71,38,37,35,34,32,27,29,27,27,27,34
./spec/iriq/inflector_spec.rb[1:4:4],34,72,36,37,33,40,37,70,40,35,35,33,31,26,29,26,25,26,29
./spec/iriq/inflector_spec.rb[1:4:5],34,84,37,40,34,38,36,72,132,35,34,33,35,27,29,26,27,25,30
./spec/iriq/inflector_spec.rb[1:4:6],31,96,36,35,111,35,35,69,38,37,32,33,32,24,27,24,24,84,27
./spec/iriq/inflector_spec.rb[1:4:7],33,87,35,35,35,36,34,69,37,33,31,31,31,26,27,85,25,25,27
./spec/iriq/inflector_spec.rb[1:4:8],32,51,35,40,33,36,35,70,39,34,31,112,32,26,30,25,88,25,32
./spec/iriq/inflector_spec.rb[1:4:9],32,45,34,37,33,38,34,79,43,37,32,37,33,25,28,24,29,28,27
./spec/iriq/inflector_spec.rb[1:4:10],47,50,38,33,35,35,34,68,33,33,30,37,29,25,28,23,28,30,26
./spec/iriq/inflector_spec.rb[1:4:11],37,41,227,34,31,34,33,72,35,32,112,32,31,25,26,28,25,26,34
./spec/iriq/inflector_spec.rb[1:4:12],35,45,89,34,33,37,35,113,36,33,33,32,29,25,27,24,27,24,28
./spec/iriq/inflector_spec.rb[1:4:13],32,36,128,30,30,32,31,98,33,32,29,29,28,23,24,22,22,21,25
./spec/iriq/inflector_spec.rb[1:4:14],34,38,69,33,31,34,36,67,34,33,32,31,28,24,28,23,24,24,27
./spec/iriq/inflector_spec.rb[1:4:15],33,36,68,32,30,33,32,65,38,32,31,30,28,24,25,22,23,22,26
./spec/iriq/inflector_spec.rb[1:4:16],32,36,99,32,31,33,32,70,32,31,29,30,28,24,25,22,23,22,40
./spec/iriq/inflector_spec.rb[1:4:17],32,37,71,32,30,33,33,64,34,32,30,30,26,26,26,22,24,23,32
./spec/iriq/inflector_spec.rb[1:4:18],29,34,181,33,31,31,31,85,35,30,29,29,26,23,24,21,22,21,28
./spec/iriq/inflector_spec.rb[1:4:19],31,36,40,32,29,32,32,67,35,31,28,33,28,23,94,22,23,24,101
./spec/iriq/inflector_spec.rb[1:4:20],29,33,34,32,28,33,31,71,31,29,27,28,25,24,25,21,21,23,28
./spec/iriq/inflector_spec.rb[1:4:21],30,34,37,31,32,32,31,63,35,30,30,29,27,23,26,21,22,23,26
./spec/iriq/inflector_spec.rb[1:4:22],34,43,39,34,32,35,35,75,38,37,32,39,30,26,29,23,25,24,30
./spec/iriq/inflector_spec.rb[1:4:23],33,43,121,34,33,38,39,69,35,34,37,32,30,25,27,26,25,25,42
./spec/iriq/inflector_spec.rb[1:4:24],33,39,37,35,35,36,35,70,38,113,34,35,30,25,28,23,25,24,40
./spec/iriq/inflector_spec.rb[1:4:25],32,38,35,34,35,34,34,69,35,35,32,32,30,24,27,24,24,24,33
./spec/iriq/inflector_spec.rb[1:4:26],31,36,34,30,28,30,33,68,30,31,28,28,26,25,24,23,21,20,28
./spec/iriq/inflector_spec.rb[1:4:27],33,36,34,33,32,33,34,68,35,33,31,30,29,26,29,23,24,23,29
./spec/iriq/inflector_spec.rb[1:4:28],29,32,30,29,27,29,31,59,33,32,29,28,26,23,23,20,21,20,24
./spec/iriq/inflector_spec.rb[1:4:29],33,32,30,29,27,30,31,59,32,29,27,27,25,23,23,21,23,20,23
./spec/iriq/inflector_spec.rb[1:4:30],31,32,30,30,28,29,30,59,30,30,27,27,26,23,23,20,21,20,25
./spec/iriq/inflector_spec.rb[1:4:31],28,32,31,109,27,32,30,95,30,29,27,27,91,22,23,20,22,20,24
./spec/iriq/inflector_spec.rb[1:4:32],29,32,30,31,28,30,29,66,112,30,27,27,28,22,23,20,21,20,23
./spec/iriq/inflector_spec.rb[1:4:33],29,35,32,33,30,33,31,71,34,32,29,29,28,24,25,22,23,22,25
./spec/iriq/inflector_spec.rb[1:4:34],33,40,34,35,31,35,34,71,38,33,31,32,30,25,27,84,25,25,28
./spec/iriq/inflector_spec.rb[1:4:35],33,39,34,34,34,34,34,93,36,35,32,32,31,25,26,25,24,24,28
./spec/iriq/inflector_spec.rb[1:4:36],27,33,28,29,28,29,31,64,30,29,26,30,25,21,22,20,23,21,23
./spec/iriq/inflector_spec.rb[1:4:37],27,36,29,30,27,29,28,62,30,28,27,29,24,22,23,19,21,21,37
./spec/iriq/inflector_spec.rb[1:4:38],27,31,28,31,27,28,29,79,30,28,26,27,25,21,22,20,21,20,41
./spec/iriq/inflector_spec.rb[1:4:39],27,31,29,29,27,28,28,69,29,27,100,30,25,22,23,19,21,20,29
./spec/iriq/inflector_spec.rb[1:4:40],31,37,33,34,31,33,34,90,34,33,31,31,29,25,28,22,26,22,32
./spec/iriq/inflector_spec.rb[1:4:41],39,45,40,41,37,43,41,97,41,42,38,37,38,31,34,29,30,29,35
./spec/iriq/inflector_spec.rb[1:4:42],33,39,36,33,32,32,33,74,35,34,31,33,28,25,26,23,25,23,28
./spec/iriq/inflector_spec.rb[1:4:43],32,38,34,33,31,34,35,71,35,32,31,30,28,25,27,25,24,23,29
./spec/iriq/normalizer_spec.rb[1:1:1],80,109,78,72,68,81,83,195,89,70,71,65,77,57,138,51,52,53,145
./spec/iriq/normalizer_spec.rb[1:1:2],47,56,50,49,45,48,50,111,52,48,44,44,44,37,38,34,34,34,45
./spec/iriq/normalizer_spec.rb[1:1:3],46,54,49,48,44,50,48,94,52,49,45,44,43,37,37,33,35,34,41
./spec/iriq/normalizer_spec.rb[1:1:4],66,81,152,65,59,69,72,134,76,63,59,59,57,53,59,45,45,46,58
./spec/iriq/normalizer_spec.rb[1:1:5],47,58,53,49,45,51,50,1072,54,49,45,45,44,36,44,34,35,34,40
./spec/iriq/normalizer_spec.rb[1:1:6],41,46,43,43,38,42,122,111,45,41,39,43,36,30,32,29,29,29,53
./spec/iriq/normalizer_spec.rb[1:1:7],48,58,52,52,47,49,50,175,57,49,45,45,43,93,40,35,35,35,58
./spec/iriq/normalizer_spec.rb[1:1:8],49,55,49,48,46,48,50,73,51,48,45,44,43,36,41,33,36,33,50
./spec/iriq/normalizer_spec.rb[1:1:9],47,50,47,124,44,125,48,61,49,47,43,43,41,36,39,33,36,32,42
./spec/iriq/normalizer_spec.rb[1:1:10],52,62,59,58,52,57,56,71,144,55,51,50,113,41,49,39,39,41,55
./spec/iriq/normalizer_spec.rb[1:1:11],53,149,57,57,52,58,58,70,62,56,51,51,50,41,48,38,39,90,49
./spec/iriq/normalizer_spec.rb[1:1:12],66,81,67,69,136,73,71,78,70,69,65,62,59,50,53,50,48,50,57
./spec/iriq/normalizer_spec.rb[1:1:13],53,59,54,53,50,53,54,65,55,53,50,122,48,39,42,49,39,38,46
./spec/iriq/normalizer_spec.rb[1:1:14],50,56,51,52,49,51,52,58,52,50,48,48,44,38,39,37,38,36,43
./spec/iriq/normalizer_spec.rb[1:1:15],52,56,51,50,48,51,52,57,53,53,123,47,46,39,40,34,37,35,76
./spec/iriq/normalizer_spec.rb[1:1:16],52,57,53,53,49,53,56,61,55,51,51,49,46,38,40,37,39,37,79
./spec/iriq/normalizer_spec.rb[1:1:17],54,63,58,55,52,57,59,68,60,56,50,51,49,41,46,43,40,39,48
./spec/iriq/parser_spec.rb[1:1:1],58,71,63,62,56,63,61,84,65,59,57,68,52,46,52,55,43,44,157
./spec/iriq/parser_spec.rb[1:1:2],40,48,43,44,39,43,42,49,43,42,40,39,37,31,33,38,30,30,40
./spec/iriq/parser_spec.rb[1:1:3],44,50,47,45,42,46,48,70,47,45,43,42,43,41,35,32,35,31,39
./spec/iriq/parser_spec.rb[1:1:4],35,41,40,36,34,37,37,42,37,113,34,35,34,28,31,26,27,26,32
./spec/iriq/parser_spec.rb[1:1:5],112,39,39,36,33,37,37,41,37,38,35,33,31,27,28,26,27,25,30
./spec/iriq/parser_spec.rb[1:1:6],42,43,40,40,38,40,41,46,42,42,37,37,46,31,29,30,29,27,33
./spec/iriq/parser_spec.rb[1:1:7],37,43,39,41,36,38,39,43,41,40,37,36,34,29,30,27,28,27,38
./spec/iriq/parser_spec.rb[1:1:8],41,46,43,42,39,42,43,138,46,41,41,38,36,33,33,32,30,31,38
./spec/iriq/parser_spec.rb[1:1:9],36,41,37,40,35,41,38,71,119,36,37,34,33,29,29,30,29,26,31
./spec/iriq/parser_spec.rb[1:1:10],40,43,40,41,38,42,40,59,43,39,40,37,102,31,31,28,30,28,44
./spec/iriq/parser_spec.rb[1:1:11],41,136,43,44,41,45,42,60,46,42,41,40,38,32,34,30,31,33,43
./spec/iriq/parser_spec.rb[1:1:12],39,47,46,45,38,45,43,51,44,41,38,38,37,32,33,81,29,31,44
./spec/iriq/parser_spec.rb[1:1:13],65,78,65,57,58,67,65,84,72,58,54,54,49,46,59,40,98,42,57
./spec/iriq/parser_spec.rb[1:1:14],42,50,48,40,41,43,45,51,45,42,39,41,36,30,33,31,32,29,37
./spec/iriq/parser_spec.rb[1:1:15],38,45,40,39,39,40,39,46,43,40,39,40,36,29,34,30,46,28,33
./spec/iriq/parser_spec.rb[1:1:16],37,43,39,38,37,41,39,48,40,41,37,37,34,29,32,29,30,27,49
./spec/iriq/parser_spec.rb[1:1:17],36,45,38,38,36,41,38,45,43,39,36,35,33,28,30,27,28,29,39
./spec/iriq/path_shape_spec.rb[1:1:1],37,46,40,39,35,39,38,47,44,37,37,35,33,28,34,27,29,27,40
./spec/iriq/path_shape_spec.rb[1:1:2],37,43,39,42,36,40,39,47,41,41,37,36,34,28,33,27,28,26,35
./spec/iriq/path_shape_spec.rb[1:1:3],52,53,48,48,44,50,48,62,51,47,46,45,46,35,106,40,34,33,105
./spec/iriq/path_shape_spec.rb[1:1:4],37,40,37,38,38,38,37,45,39,37,38,36,32,27,31,27,27,26,34
./spec/iriq/path_shape_spec.rb[1:1:5],35,39,40,42,33,154,36,41,44,40,33,33,31,30,28,26,28,28,31
./spec/iriq/path_shape_spec.rb[1:1:6],34,46,38,39,234,109,36,320,40,38,34,230,36,28,29,25,27,26,46
./spec/iriq/path_shape_spec.rb[1:1:7],37,44,38,40,38,61,269,46,42,39,35,38,34,30,33,25,29,28,45
./spec/iriq/path_shape_spec.rb[1:1:8],37,40,35,35,34,43,38,40,36,34,31,33,31,27,26,23,25,26,41
./spec/iriq/path_shape_spec.rb[1:1:9],37,42,36,36,35,41,39,42,40,35,39,34,33,26,28,31,27,26,33
./spec/iriq/position_spec.rb[1:1:1],60,70,57,55,49,65,64,70,67,54,54,49,49,44,59,43,40,40,55
./spec/iriq/position_spec.rb[1:1:2],46,53,48,46,42,47,46,51,49,47,43,45,38,32,38,34,35,31,41
./spec/iriq/position_spec.rb[1:2:1],47,56,48,50,44,53,48,59,53,47,43,42,40,35,48,36,34,33,50
./spec/iriq/position_spec.rb[1:3:1],50,57,49,51,44,49,50,58,54,50,45,45,41,38,43,36,34,34,43
./spec/iriq/position_spec.rb[1:3:2],36,40,37,37,35,38,38,43,38,38,35,34,32,29,29,27,27,27,33
./spec/iriq/position_spec.rb[1:3:3],32,37,34,33,30,35,33,41,34,31,32,31,28,27,25,25,23,23,27
./spec/iriq/position_spec.rb[1:4:1],35,40,40,36,34,41,37,41,38,37,34,34,33,29,29,28,27,26,29
./spec/iriq/position_stats_spec.rb[1:1:1],44,55,47,47,40,49,46,55,51,49,44,43,38,34,40,33,33,31,47
./spec/iriq/position_stats_spec.rb[1:1:2],37,104,40,40,37,40,40,44,44,41,39,36,33,29,32,27,29,27,47
./spec/iriq/position_stats_spec.rb[1:1:3],61,70,58,58,53,60,61,68,64,62,59,55,50,44,50,42,43,41,67
./spec/iriq/position_stats_spec.rb[1:2:1],1147,810,477,399,7426,686,495,1119,880,457,414,404,357,410,483,330,322,322,466
./spec/iriq/position_stats_spec.rb[1:2:2],39,297,52,40,106,44,41,130,116,54,48,48,35,31,32,37,29,33,35
./spec/iriq/position_stats_spec.rb[1:3:1],48,130,53,47,95,52,49,113,102,58,53,54,43,39,39,39,36,38,44
./spec/iriq/property_spec.rb[1:1],63090,38908,41332,39048,32292,41958,56621,40025,37389,30090,42145,29161,35104,23755,26667,22242,22787,22266,28647
./spec/iriq/property_spec.rb[1:2],27973,45852,18882,32012,34280,19004,21502,40685,28769,23400,18735,26774,16544,14262,15665,13652,13735,13379,16958
./spec/iriq/property_spec.rb[1:3],99617,108855,83471,100352,84923,83802,114301,113329,97894,84348,81734,84203,74251,58260,67912,55445,57401,57604,68981
./spec/iriq/property_spec.rb[1:4],58491,76320,65739,86935,77953,67267,66949,86604,66460,56436,55889,53060,57196,39846,49406,37445,41664,39342,46070
./spec/iriq/property_spec.rb[1:5],41418,58081,55879,70244,34632,36297,61273,52456,42763,41026,40154,33914,32731,27307,31036,25490,27817,27039,30932
./spec/iriq/property_spec.rb[1:6],87471,133441,107694,153086,114957,116525,217752,200070,128543,107005,99593,104895,104409,67319,78922,64338,73334,67358,78283
./spec/iriq/property_spec.rb[1:7],120965,195501,155841,296522,132326,149027,350075,315837,151387,148021,131091,142412,134473,97275,106124,99547,108470,93854,113306
./spec/iriq/recognizer_proposal_spec.rb[1:1:1],90,105,96,108,99,110,115,125,108,200,92,104,109,96,100,76,84,92,99
./spec/iriq/recognizer_proposal_spec.rb[1:1:2],813,1079,907,1081,1037,1142,1095,1224,1058,2131,964,929,884,680,802,729,756,771,806
./spec/iriq/recognizer_proposal_spec.rb[1:1:3],1068,1301,1183,1316,1336,1349,1415,1478,1294,2393,1119,1122,1053,946,972,890,919,934,1011
./spec/iriq/recognizer_proposal_spec.rb[1:1:4],446,485,487,477,515,542,596,648,562,1099,488,457,441,349,421,314,381,378,550
./spec/iriq/recognizer_proposal_spec.rb[1:1:5],1093,1374,1229,1327,1205,1212,1521,1517,1316,2268,1104,1133,1027,960,984,925,959,929,861
./spec/iriq/recognizer_proposal_spec.rb[1:1:6],732,910,840,935,807,869,1025,1037,921,967,834,778,713,653,675,622,654,623,784
./spec/iriq/recognizer_proposal_spec.rb[1:1:7],825,1029,931,1063,918,977,1093,1176,1030,968,914,869,809,734,753,718,731,710,829
./spec/iriq/recognizer_proposal_spec.rb[1:2:1],60,74,66,76,71,126,89,89,73,74,67,62,59,55,58,50,54,56,63
./spec/iriq/recognizer_proposal_spec.rb[1:2:2],59,49,48,49,43,46,58,59,48,52,43,42,39,35,37,34,36,36,40
./spec/iriq/recognizer_proposal_spec.rb[1:2:3],49,61,57,67,55,62,68,75,62,58,54,53,49,44,47,43,44,45,50
./spec/iriq/recognizer_proposal_spec.rb[1:2:4],41,56,49,57,50,56,59,62,53,49,45,45,41,43,39,37,39,44,40
./spec/iriq/recognizer_spec.rb[1:1:1],52,59,53,60,57,55,68,182,62,55,55,53,46,47,49,43,42,48,49
./spec/iriq/recognizer_spec.rb[1:1:2],37,46,43,48,44,45,45,84,47,43,40,39,36,33,37,34,32,36,35
./spec/iriq/recognizer_spec.rb[1:1:3],33,42,40,43,39,42,40,59,43,40,38,37,33,29,33,30,30,30,33
./spec/iriq/recognizer_spec.rb[1:1:4],33,43,39,45,39,40,41,55,43,40,37,36,34,30,33,30,29,31,31
./spec/iriq/reinfer_spec.rb[1:1:1],110,140,125,144,126,131,137,189,139,130,121,116,110,99,106,96,98,102,105
./spec/iriq/reinfer_spec.rb[1:2:1],209,261,239,265,226,244,244,307,261,239,237,232,200,180,197,180,180,179,191
./spec/iriq/reinfer_spec.rb[1:2:2],193,244,222,248,210,225,236,262,247,225,216,205,185,167,182,163,175,166,174
./spec/iriq/reinfer_spec.rb[1:2:3],158,200,180,203,175,188,207,204,201,182,169,169,152,139,152,167,139,136,146
./spec/iriq/reinfer_spec.rb[1:3:1],6476,7313,7118,7570,6943,6943,9968,8204,7479,6267,25175,6714,6566,6013,5959,5237,5458,5267,6095
./spec/iriq/segment_classifier_spec.rb[1:1:1],53,69,62,75,54,73,69,92,64,58,62,58,46,48,53,47,52,45,56
./spec/iriq/segment_classifier_spec.rb[1:1:2],38,45,44,48,41,46,44,53,46,44,44,42,34,34,34,32,35,33,37
./spec/iriq/segment_classifier_spec.rb[1:1:3],40,48,44,49,41,47,44,55,45,45,42,41,37,33,34,31,35,39,37
./spec/iriq/segment_classifier_spec.rb[1:1:4],35,42,39,43,38,45,40,47,41,41,39,38,33,30,31,29,32,31,33
./spec/iriq/segment_classifier_spec.rb[1:1:5],34,39,38,40,34,42,37,43,41,38,38,37,30,28,29,30,30,28,31
./spec/iriq/segment_classifier_spec.rb[1:1:6],36,41,38,42,38,44,38,47,42,39,39,37,32,28,32,29,29,29,32
./spec/iriq/segment_classifier_spec.rb[1:1:7],33,39,37,42,34,40,38,42,40,37,38,34,32,27,29,28,29,28,30
./spec/iriq/segment_classifier_spec.rb[1:1:8],36,42,41,45,39,42,40,48,44,41,41,40,34,30,33,32,31,31,35
./spec/iriq/segment_classifier_spec.rb[1:1:9],34,40,38,42,37,41,39,45,44,39,40,37,33,28,31,28,30,30,33
./spec/iriq/segment_classifier_spec.rb[1:1:10],33,37,38,40,34,38,36,41,40,37,36,35,32,27,29,28,28,28,32
./spec/iriq/segment_classifier_spec.rb[1:1:11],32,37,36,39,33,39,44,42,39,36,37,34,32,26,28,26,29,27,30
./spec/iriq/segment_classifier_spec.rb[1:1:12],32,39,37,39,34,38,35,41,40,36,36,34,31,26,29,28,29,26,30
./spec/iriq/segment_classifier_spec.rb[1:1:13],35,41,39,41,34,40,38,44,41,39,38,35,37,27,31,29,30,26,31
./spec/iriq/segment_classifier_spec.rb[1:1:14],34,38,38,40,34,39,38,41,39,38,37,35,31,29,30,27,29,26,31
./spec/iriq/segment_classifier_spec.rb[1:1:15],32,39,38,41,33,41,38,40,39,36,36,34,31,27,30,26,29,26,31
./spec/iriq/segment_classifier_spec.rb[1:1:16],34,38,40,42,36,41,39,42,39,37,38,36,33,28,32,28,30,26,33
./spec/iriq/segment_classifier_spec.rb[1:1:17],35,40,40,43,37,43,40,44,44,40,38,37,35,29,33,30,32,28,33
./spec/iriq/segment_classifier_spec.rb[1:1:18],33,40,38,41,35,41,38,41,40,37,38,35,33,27,30,28,28,26,30
./spec/iriq/segment_classifier_spec.rb[1:1:19],32,40,39,40,33,38,37,41,40,37,36,35,32,27,28,26,29,27,30
./spec/iriq/segment_classifier_spec.rb[1:1:20],33,37,41,38,34,39,36,40,39,38,35,35,32,26,29,28,29,27,30
./spec/iriq/segment_classifier_spec.rb[1:1:21],38,44,43,47,42,46,44,51,47,43,42,40,37,34,34,32,35,33,36
./spec/iriq/segment_classifier_spec.rb[1:1:22],33,36,37,38,36,38,36,40,38,36,35,34,35,27,29,27,30,25,30
./spec/iriq/segment_classifier_spec.rb[1:1:23],32,35,36,38,35,38,36,40,39,35,34,34,30,25,28,32,29,26,29
./spec/iriq/segment_classifier_spec.rb[1:1:24],33,38,37,41,35,38,36,41,39,38,37,35,31,26,28,28,30,26,31
./spec/iriq/segment_classifier_spec.rb[1:1:25],33,37,36,38,34,38,36,39,39,37,36,35,30,27,29,27,28,25,30
./spec/iriq/segment_classifier_spec.rb[1:1:26],31,35,34,38,32,37,35,39,38,36,36,33,29,26,28,26,28,24,30
./spec/iriq/segment_classifier_spec.rb[1:1:27],33,38,38,41,35,41,38,42,41,38,37,36,32,28,32,27,29,25,31
./spec/iriq/segment_classifier_spec.rb[1:1:28],31,36,36,39,35,39,35,40,40,35,36,34,30,26,28,27,28,24,29
./spec/iriq/segment_classifier_spec.rb[1:1:29],31,35,36,38,33,41,35,39,38,37,36,34,31,26,30,27,30,25,29
./spec/iriq/segment_classifier_spec.rb[1:1:30],30,35,35,39,34,38,35,41,38,36,35,34,30,25,28,26,30,24,29
./spec/iriq/segment_classifier_spec.rb[1:1:31],31,35,35,39,32,39,34,41,38,36,36,35,29,26,29,26,29,25,29
./spec/iriq/segment_classifier_spec.rb[1:1:32],31,35,35,39,33,39,36,40,39,37,36,34,31,26,30,26,28,24,29
./spec/iriq/segment_classifier_spec.rb[1:1:33],31,36,35,40,33,37,35,38,37,35,36,35,30,26,29,25,27,25,28
./spec/iriq/segment_classifier_spec.rb[1:1:34],32,37,36,40,34,40,36,40,40,36,37,35,31,26,30,26,28,25,29
./spec/iriq/segment_classifier_spec.rb[1:1:35],32,36,35,39,32,38,36,39,38,35,35,34,30,25,29,25,29,25,28
./spec/iriq/segment_classifier_spec.rb[1:1:36],31,35,34,38,32,36,35,38,37,35,35,33,29,25,28,30,27,24,28
./spec/iriq/segment_classifier_spec.rb[1:1:37],30,36,34,39,32,35,34,37,37,35,34,34,29,25,28,26,27,24,28
./spec/iriq/segment_classifier_spec.rb[1:1:38],30,35,35,40,33,36,35,38,38,34,35,33,29,25,27,26,26,27,28
./spec/iriq/segment_classifier_spec.rb[1:1:39],31,35,34,38,32,40,35,38,38,35,34,33,29,25,27,26,27,25,29
./spec/iriq/segment_classifier_spec.rb[1:1:40],31,35,34,39,32,35,34,39,37,34,35,33,30,25,27,25,26,25,29
./spec/iriq/segment_classifier_spec.rb[1:1:41],31,36,35,39,33,36,35,39,37,35,35,33,29,26,29,26,28,24,29
./spec/iriq/segment_classifier_spec.rb[1:1:42],33,39,37,41,34,40,38,44,42,37,38,36,33,28,32,28,30,28,62
./spec/iriq/segment_classifier_spec.rb[1:1:43],32,38,36,39,33,38,37,40,40,36,36,34,31,28,30,28,28,26,31
./spec/iriq/segment_classifier_spec.rb[1:1:44],32,36,35,40,34,38,35,40,40,35,36,34,30,27,29,28,28,26,50
./spec/iriq/segment_classifier_spec.rb[1:1:45],32,37,37,40,34,36,37,40,40,37,35,34,30,27,30,27,28,26,39
./spec/iriq/segment_classifier_spec.rb[1:1:46],31,35,35,38,33,36,35,39,38,35,36,33,29,26,28,26,26,25,57
./spec/iriq/segment_classifier_spec.rb[1:1:47],31,35,34,37,33,37,35,40,38,36,35,33,29,26,27,30,27,26,42
./spec/iriq/segment_classifier_spec.rb[1:1:48],31,35,35,38,32,37,34,39,38,35,35,33,28,26,28,26,25,24,43
./spec/iriq/segment_classifier_spec.rb[1:1:49],33,37,36,38,33,39,36,40,40,36,36,34,30,27,30,27,27,25,53
./spec/iriq/segment_classifier_spec.rb[1:1:50],32,36,35,38,32,40,36,41,40,36,36,33,31,26,28,26,29,25,34
./spec/iriq/segment_classifier_spec.rb[1:1:51],32,36,36,38,34,42,36,40,39,36,37,34,31,26,29,27,28,25,38
./spec/iriq/segment_classifier_spec.rb[1:1:52],31,37,36,39,33,37,36,40,39,35,36,34,31,26,30,26,29,25,36
./spec/iriq/segment_classifier_spec.rb[1:1:53],31,35,36,38,33,37,36,38,39,35,36,34,31,26,30,26,27,25,34
./spec/iriq/segment_classifier_spec.rb[1:1:54],31,35,35,38,33,36,34,39,38,35,34,33,30,26,28,26,26,26,33
./spec/iriq/segment_classifier_spec.rb[1:1:55],31,34,35,38,34,39,34,40,38,35,35,34,29,26,28,26,27,25,30
./spec/iriq/segment_classifier_spec.rb[1:1:56],31,36,36,40,34,37,35,41,41,37,37,34,31,27,29,28,27,26,42
./spec/iriq/segment_classifier_spec.rb[1:1:57],33,39,37,42,36,40,38,45,41,38,39,36,33,28,32,28,29,28,38
./spec/iriq/segment_classifier_spec.rb[1:1:58],32,38,36,39,33,38,36,41,40,37,37,34,31,26,29,27,28,26,40
./spec/iriq/segment_classifier_spec.rb[1:1:59],31,40,36,37,38,35,34,41,40,35,35,34,30,25,29,27,31,25,38
./spec/iriq/segment_classifier_spec.rb[1:1:60],33,38,37,40,36,39,37,42,41,37,37,36,33,27,29,27,29,26,36
./spec/iriq/segment_classifier_spec.rb[1:1:61],31,36,37,39,34,38,37,42,40,36,36,34,30,26,30,27,28,26,45
./spec/iriq/segment_classifier_spec.rb[1:1:62],32,37,37,39,33,36,36,40,39,35,34,33,30,26,29,26,26,26,49
./spec/iriq/segment_classifier_spec.rb[1:1:63],31,35,35,38,33,36,34,40,38,34,35,34,29,26,29,25,27,24,45
./spec/iriq/segment_classifier_spec.rb[1:1:64],31,34,38,42,32,44,64,45,43,40,35,32,32,25,32,25,30,29,49
./spec/iriq/segment_classifier_spec.rb[1:1:65],32,36,35,38,34,38,46,39,39,35,35,33,30,27,30,29,28,25,47
./spec/iriq/segment_classifier_spec.rb[1:1:66],32,35,34,39,33,37,40,39,41,35,36,33,29,25,28,28,27,26,45
./spec/iriq/segment_classifier_spec.rb[1:1:67],34,37,38,41,36,40,42,43,41,37,38,35,32,27,31,28,30,26,46
./spec/iriq/segment_classifier_spec.rb[1:1:68],33,37,37,41,36,41,41,42,41,37,38,36,32,27,30,30,28,26,40
./spec/iriq/segment_classifier_spec.rb[1:1:69],32,37,36,41,35,37,41,42,40,38,36,35,31,27,29,28,29,25,36
./spec/iriq/segment_classifier_spec.rb[1:1:70],33,38,37,40,36,39,40,41,40,38,37,35,31,27,31,28,29,26,48
./spec/iriq/segment_classifier_spec.rb[1:1:71],33,37,37,40,35,39,40,41,41,38,37,36,31,28,32,28,31,25,46
./spec/iriq/segment_classifier_spec.rb[1:1:72],33,39,37,40,36,39,39,41,40,36,37,37,32,27,31,28,31,27,38
./spec/iriq/segment_classifier_spec.rb[1:1:73],31,37,37,39,35,38,38,40,39,37,38,34,30,26,30,27,30,25,1690
./spec/iriq/segment_classifier_spec.rb[1:1:74],32,37,38,39,35,72,122,40,39,37,36,35,30,27,30,28,30,25,47
./spec/iriq/segment_classifier_spec.rb[1:1:75],34,38,39,42,37,48,136,43,41,58,39,37,32,28,31,29,31,27,45
./spec/iriq/segment_classifier_spec.rb[1:1:76],31,35,35,39,33,42,80,40,39,42,35,34,1473,40,29,45,28,25,46
./spec/iriq/segment_classifier_spec.rb[1:1:77],31,1755,34,39,32,38,76,68,63,38,54,32,37,29,28,30,1668,38,47
./spec/iriq/segment_classifier_spec.rb[1:1:78],46,56,36,1853,52,38,125,45,47,36,44,48,32,29,43,29,41,28,41
./spec/iriq/segment_classifier_spec.rb[1:1:79],36,41,51,47,38,38,74,43,43,35,38,37,30,26,32,27,28,27,33
./spec/iriq/segment_classifier_spec.rb[1:1:80],36,39,41,44,38,40,73,43,43,36,37,37,31,27,33,27,30,27,38
./spec/iriq/segment_classifier_spec.rb[1:1:81],40,46,44,51,41,50,84,50,47,43,42,42,36,32,39,31,34,31,41
./spec/iriq/segment_classifier_spec.rb[1:1:82],35,41,40,43,38,41,73,44,44,39,39,37,34,28,32,28,30,27,47
./spec/iriq/segment_classifier_spec.rb[1:1:83],33,39,40,41,36,41,71,45,43,38,38,35,32,27,31,27,28,28,45
./spec/iriq/segment_classifier_spec.rb[1:1:84],33,37,38,41,35,40,70,43,41,38,36,34,32,27,29,27,28,27,36
./spec/iriq/segment_classifier_spec.rb[1:1:85],32,37,36,41,34,38,68,42,40,34,36,35,30,26,29,26,29,25,34
./spec/iriq/segment_classifier_spec.rb[1:1:86],31,37,36,39,34,37,1212,41,39,34,36,35,28,26,30,25,29,26,47
./spec/iriq/segment_classifier_spec.rb[1:1:87],31,35,37,38,33,39,74,40,40,35,36,35,30,26,29,25,27,24,38
./spec/iriq/segment_classifier_spec.rb[1:1:88],30,36,35,39,33,36,72,39,40,36,35,34,29,25,29,25,29,24,34
./spec/iriq/segment_classifier_spec.rb[1:1:89],32,37,35,41,34,36,70,40,40,36,36,35,30,26,29,26,28,25,46
./spec/iriq/segment_classifier_spec.rb[1:1:90],32,36,36,40,35,39,71,41,40,37,37,34,31,26,30,26,27,26,48
./spec/iriq/segment_classifier_spec.rb[1:1:91],31,37,36,40,35,39,96,214,40,37,36,35,30,26,30,27,28,25,47
./spec/iriq/segment_classifier_spec.rb[1:1:92],32,37,37,41,36,40,44,101,39,37,37,34,31,26,30,26,28,26,47
./spec/iriq/segment_classifier_spec.rb[1:1:93],31,37,36,39,36,38,38,84,39,36,36,33,31,27,29,26,27,25,44
./spec/iriq/segment_classifier_spec.rb[1:1:94],32,37,36,40,34,415,38,83,40,36,37,34,31,27,29,26,27,26,40
./spec/iriq/segment_classifier_spec.rb[1:1:95],32,39,37,41,37,42,37,88,41,36,37,35,31,30,31,27,28,26,36
./spec/iriq/segment_classifier_spec.rb[1:1:96],32,37,36,41,36,39,38,85,41,404,37,35,31,29,30,27,29,27,33
./spec/iriq/segment_classifier_spec.rb[1:1:97],29,35,33,37,33,36,33,1150,37,38,34,32,333,30,29,300,25,24,29
./spec/iriq/segment_classifier_spec.rb[1:2:1],44,441,42,904,407,47,51,113,53,45,46,46,37,35,345,34,37,34,43
./spec/iriq/shape_spec.rb[1:1:1],43,53,51,98,46,56,50,123,54,45,48,46,39,39,42,37,42,33,56
./spec/iriq/shape_spec.rb[1:1:2],35,40,40,1933,36,41,40,106,42,37,39,36,32,29,31,28,30,28,44
./spec/iriq/shape_spec.rb[1:2:1],40,48,47,104,49,51,48,136,52,46,47,49,38,36,42,35,36,32,51
./spec/iriq/shape_spec.rb[1:2:2],38,43,42,83,41,47,43,87,47,42,46,40,36,33,34,32,33,30,44
./spec/iriq/shape_spec.rb[1:2:3],41,51,47,96,47,51,49,116,52,47,48,45,40,37,42,35,41,35,52
./spec/iriq/shape_spec.rb[1:2:4],31,37,37,73,36,39,39,79,41,162,37,34,32,30,31,27,30,26,40
./spec/iriq/shape_spec.rb[1:3:1],48,51,48,96,50,58,51,124,56,116,55,51,45,36,42,37,40,36,49
./spec/iriq/shape_spec.rb[1:3:2],38,45,43,84,41,45,44,95,49,89,43,41,37,33,38,31,34,32,44
./spec/iriq/shape_spec.rb[1:4:1],52,60,58,104,55,62,58,117,64,109,58,54,48,43,47,44,48,42,51
./spec/iriq/storage_spec.rb[1:1:1],38,48,43,83,42,48,45,110,47,87,43,41,35,33,38,32,38,32,292
./spec/iriq/storage_spec.rb[1:1:2],289,393,318,599,304,356,359,773,367,594,329,310,264,265,302,218,311,221,378
./spec/iriq/storage_spec.rb[1:1:3],7843,9652,9680,18751,8033,10404,13081,10986,9390,9523,10173,8086,7728,9845,7485,8046,7335,7318,8371
./spec/iriq/storage_spec.rb[1:2:1],5027,6222,7827,8679,5364,7714,6495,6604,6216,8037,5835,5248,4973,4445,4868,4388,4685,4441,5281
./spec/iriq/storage_spec.rb[1:2:2],5197,6186,15532,6432,5314,6231,5607,6506,5721,6600,5609,5380,5121,4679,4942,4546,4390,4401,4849
./spec/iriq/storage_spec.rb[1:2:3],7814,9234,18206,34958,8163,9006,20634,9745,8480,8698,8466,8506,8058,6853,7399,6707,6705,6399,7645
./spec/iriq/storage_spec.rb[1:2:4],4632,5235,34664,7894,5344,5274,4868,5849,5231,5485,5558,5306,4362,4402,4512,4270,4212,3653,4795
./spec/iriq/storage_spec.rb[1:2:5],10373,11751,32760,12671,11198,12030,11375,13422,12222,12057,30268,11289,9852,10215,9407,8930,8946,8435,9727
./spec/iriq/storage_spec.rb[1:2:6],15969,20408,21045,25126,16174,25726,17515,20694,19132,17818,17547,16137,14518,13432,14287,14009,12999,12539,15301
./spec/iriq/storage_spec.rb[1:2:7],4126,5985,4470,5314,4744,5390,4702,5489,5674,5017,5005,4727,4194,3808,4386,4102,3730,3633,4398
./spec/iriq/storage_spec.rb[1:2:8],4720,5493,4482,5158,4604,5245,6612,11634,5371,6133,4745,4536,4041,4079,4055,3961,3893,3815,4239
./spec/iriq/storage_spec.rb[1:2:10],6718,5973,7781,19343,5292,6068,26987,6419,5987,5474,7305,5118,8215,4623,4998,4437,4439,4560,5074
./spec/iriq/storage_spec.rb[1:2:9:1],7515,8937,15097,9571,7756,11364,9456,9435,8792,8657,8334,7995,13830,6417,6906,7464,6654,7377,7380
./spec/iriq/storage_spec.rb[1:2:9:2],8168,10667,21373,10372,8466,11004,10529,11581,9526,9714,8671,8413,8444,10175,7642,7542,6945,7494,8066
./spec/iriq/storage_spec.rb[1:2:9:3],10608,11855,14568,12603,10587,14107,12267,14454,12142,13329,11033,10928,12541,8729,9256,9226,8907,9095,10027
./spec/iriq/trace_spec.rb[1:1:1],125,130,104,144,100,116,139,151,118,115,110,108,113,94,95,107,86,94,104
./spec/iriq/trace_spec.rb[1:1:2],124,133,117,150,118,127,146,149,135,128,123,124,121,109,101,110,95,102,108
./spec/iriq/trace_spec.rb[1:1:3],80,88,78,94,77,85,88,98,86,85,79,84,78,63,69,66,62,59,70
./spec/iriq/trace_spec.rb[1:1:4],78,92,82,98,85,91,100,96,96,88,91,91,79,74,66,70,65,65,71
./spec/iriq/trace_spec.rb[1:1:5],79,90,78,96,78,86,94,97,92,86,86,86,78,69,71,68,62,63,71
./spec/iriq/trace_spec.rb[1:1:6],56,66,58,68,57,63,69,71,68,63,64,64,57,49,50,48,45,44,50
./spec/iriq/url_calibration_spec.rb[1:1:1],56,58,48,57,48,51,61,59,56,56,54,53,47,45,43,43,40,40,44
./spec/iriq/url_calibration_spec.rb[1:1:2],65,76,63,77,64,72,77,78,73,70,68,68,63,56,56,56,50,51,56
./spec/iriq/url_calibration_spec.rb[1:1:3],58,68,59,73,60,67,71,72,70,66,66,66,59,50,51,48,46,47,53
./spec/iriq/url_calibration_spec.rb[1:1:4],57,67,60,70,60,64,71,72,70,67,65,65,58,47,52,47,46,45,52
./spec/iriq/url_calibration_spec.rb[1:1:5],79,97,85,100,86,92,100,104,98,95,92,94,83,69,73,69,68,65,74
./spec/iriq/url_calibration_spec.rb[1:1:6],58,69,63,75,63,70,73,76,72,69,67,68,62,50,54,50,48,48,55
./spec/iriq/url_calibration_spec.rb[1:1:7],89,105,94,112,95,104,113,115,108,105,103,104,94,76,84,76,74,74,83
./spec/iriq/url_calibration_spec.rb[1:1:8],77,92,84,99,85,91,99,100,96,94,90,91,81,67,76,66,65,64,72
./spec/iriq/url_calibration_spec.rb[1:1:9],71,89,80,94,80,87,95,95,95,87,84,86,76,63,71,64,64,63,66
./spec/iriq/url_calibration_spec.rb[1:1:10],43,52,48,55,46,49,55,56,56,52,51,51,45,37,42,38,36,37,40
./spec/iriq/url_calibration_spec.rb[1:1:11],55,65,58,69,57,67,69,69,68,63,65,62,56,50,55,46,50,44,54
./spec/iriq/url_calibration_spec.rb[1:1:12],52,65,57,69,57,62,66,67,70,63,62,62,55,45,53,45,46,44,51
./spec/iriq/url_calibration_spec.rb[1:1:13],47,62,54,62,53,56,61,60,66,59,58,57,68,41,52,40,41,42,45
./spec/iriq/url_calibration_spec.rb[1:1:14],58,73,63,76,64,69,75,76,77,72,68,69,87,55,59,51,51,51,58
./spec/iriq/url_calibration_spec.rb[1:1:15],64,72,66,82,71,72,79,81,78,73,71,76,91,52,60,56,51,49,57
./spec/iriq/url_calibration_spec.rb[1:1:16],56,66,60,68,59,63,70,70,116,64,63,62,64,46,53,52,51,56,53
./spec/iriq/url_calibration_spec.rb[1:1:17],61,73,64,75,64,74,75,76,78,72,69,69,67,52,60,52,51,54,54
./spec/iriq/url_calibration_spec.rb[1:1:18],57,66,63,72,61,66,71,70,129,65,63,64,60,47,55,47,47,51,50
./spec/iriq/url_calibration_spec.rb[1:1:19],57,67,58,68,56,61,68,69,79,62,61,61,57,45,51,46,44,47,49
./spec/iriq/url_calibration_spec.rb[1:1:20],58,69,63,71,62,71,79,75,83,66,65,70,60,47,55,49,48,51,55
./spec/iriq/url_calibration_spec.rb[1:1:21],59,72,65,73,62,69,74,75,80,70,68,67,63,51,55,52,48,50,56
./spec/iriq/url_calibration_spec.rb[1:1:22],57,72,62,71,61,67,74,74,78,69,67,66,62,50,54,51,47,48,53
./spec/iriq/url_calibration_spec.rb[1:1:23],61,77,64,81,62,69,74,76,79,71,71,70,65,52,59,53,53,51,56
./spec/iriq/url_calibration_spec.rb[1:1:24],57,72,67,75,63,67,78,77,77,67,68,70,60,51,57,53,50,51,57
./spec/iriq/url_calibration_spec.rb[1:1:25],55,65,59,66,54,61,66,65,68,61,59,59,55,45,50,46,44,42,48
./spec/iriq/url_calibration_spec.rb[1:1:26],59,65,61,66,58,174,67,67,72,1046,64,63,58,49,53,49,45,46,61
./spec/iriq/url_calibration_spec.rb[1:1:27],76,90,80,93,81,99,94,95,97,92,85,88,983,868,79,901,65,64,69
./spec/iriq/url_calibration_spec.rb[1:1:28],982,1130,64,1067,865,70,1124,1113,1163,65,966,994,64,50,1021,47,786,828,51
./spec/iriq/url_calibration_spec.rb[1:1:29],92,111,1039,114,97,109,114,111,111,97,103,105,92,82,97,79,74,74,79
./spec/iriq/url_calibration_spec.rb[1:1:30],79,99,92,102,86,102,101,102,105,93,92,94,85,71,78,69,68,67,74
./spec/iriq/url_calibration_spec.rb[1:1:31],53,65,60,66,57,71,68,67,68,63,62,62,56,49,52,47,44,44,48
./spec/iriq/url_calibration_spec.rb[1:1:32],57,70,62,71,61,76,73,74,75,68,67,65,62,52,56,50,50,48,55
./spec/iriq/url_calibration_spec.rb[1:1:33],49,62,53,62,54,63,61,64,65,57,59,55,54,44,51,44,41,42,47
./spec/iriq/url_calibration_spec.rb[1:1:34],56,72,62,72,63,74,73,74,74,67,65,64,60,50,57,49,48,47,55
./spec/iriq/url_calibration_spec.rb[1:1:35],74,90,81,91,79,95,102,93,97,85,85,81,79,66,74,64,64,62,75
./spec/iriq/url_calibration_spec.rb[1:1:36],45,56,50,58,49,59,58,62,59,53,53,49,47,40,45,37,39,37,44
./spec/iriq/url_calibration_spec.rb[1:1:37],55,69,60,72,58,71,70,71,70,66,63,61,58,48,58,47,47,45,375
./spec/iriq/url_calibration_spec.rb[1:1:38],51,63,55,65,54,68,64,65,272,448,59,56,53,43,49,43,44,43,54
./spec/iriq/url_calibration_spec.rb[1:1:39],49,59,54,64,52,64,63,64,139,62,58,53,400,357,49,354,41,42,48
./spec/iriq/url_calibration_spec.rb[1:1:40],446,551,88,530,440,106,588,548,785,96,473,455,87,70,441,73,367,364,79
./spec/iriq/url_calibration_spec.rb[1:1:41],71,75,438,79,68,76,105,82,194,71,72,67,62,51,62,52,54,54,56
./spec/iriq/url_calibration_spec.rb[1:1:42],58,69,61,72,60,70,83,76,182,64,66,63,58,46,55,49,50,48,52
./spec/iriq/url_calibration_spec.rb[1:1:43],48,57,53,60,51,60,66,62,118,55,53,51,49,39,46,41,39,38,44
./spec/iriq/url_calibration_spec.rb[1:1:44],57,65,60,71,58,69,73,70,136,64,63,59,55,46,54,47,45,44,52
./spec/iriq/url_calibration_spec.rb[1:1:45],51,62,54,64,54,63,64,65,123,59,56,54,51,44,46,44,41,41,48
./spec/iriq/url_calibration_spec.rb[1:1:46],49,57,52,61,53,62,63,62,119,57,55,54,50,42,47,43,40,39,45
./spec/iriq/url_calibration_spec.rb[1:1:47],54,62,58,67,57,67,69,70,126,66,62,57,54,45,50,46,46,42,49
./spec/iriq/url_calibration_spec.rb[1:1:48],48,54,49,58,48,58,58,59,108,54,52,53,48,39,42,39,38,37,43
./spec/iriq/url_calibration_spec.rb[1:1:49],56,65,58,69,58,431,69,70,125,63,62,60,56,47,53,50,45,44,51
./spec/iriq/url_calibration_spec.rb[1:1:50],57,63,59,68,57,75,69,69,123,416,63,58,56,47,50,48,45,42,332
./spec/iriq/url_calibration_spec.rb[1:1:51],55,58,52,62,52,65,62,65,111,63,57,54,367,44,47,315,41,40,47
./spec/iriq/url_calibration_spec.rb[1:1:52],49,399,48,59,48,58,58,451,106,54,369,54,50,306,43,39,38,36,43
./spec/iriq/url_calibration_spec.rb[1:1:53],389,57,56,434,353,61,64,66,148,56,56,54,51,42,350,41,43,286,43
./spec/iriq/url_calibration_spec.rb[1:1:54],45,51,47,57,48,54,55,57,109,51,49,47,46,37,42,36,37,36,39
./spec/iriq/url_calibration_spec.rb[1:1:55],49,57,53,63,54,61,60,62,124,56,55,54,49,41,45,40,41,40,44
./spec/iriq/url_calibration_spec.rb[1:1:56],57,64,61,73,59,72,69,72,131,65,64,61,57,46,51,45,48,45,51
./spec/iriq/url_calibration_spec.rb[1:1:57],45,49,47,55,46,54,54,56,99,52,49,46,45,35,40,37,36,35,39
./spec/iriq/url_calibration_spec.rb[1:1:58],47,54,49,58,49,58,58,59,110,54,52,50,48,38,43,41,38,36,41
./spec/iriq/url_calibration_spec.rb[1:1:59],51,59,54,62,54,68,63,64,172,63,57,55,51,46,48,43,45,44,49
./spec/iriq/url_calibration_spec.rb[1:1:60],48,56,51,351,52,62,60,62,109,56,55,50,49,40,44,42,41,42,44
./spec/iriq/url_calibration_spec.rb[1:1:61],46,53,48,162,48,58,55,58,101,55,51,50,46,41,41,39,37,37,43
./spec/iriq/url_calibration_spec.rb[1:1:62],44,48,46,113,47,54,54,56,98,51,52,49,44,36,41,38,38,34,39
./spec/iriq/url_calibration_spec.rb[1:1:63],43,50,47,103,46,274,54,55,100,50,50,47,45,36,41,37,35,34,40
./spec/iriq/url_calibration_spec.rb[1:1:64],51,62,53,118,51,66,63,63,116,57,56,54,51,41,46,41,43,41,44
./spec/iriq/url_calibration_spec.rb[1:1:65],45,227,49,106,49,59,58,59,126,53,52,48,69,38,43,38,38,37,43
./spec/iriq/url_calibration_spec.rb[1:1:66],48,128,232,110,49,63,59,60,318,55,54,51,75,39,44,40,39,38,43
./spec/iriq/url_calibration_spec.rb[1:1:67],52,120,60,114,55,539,64,66,82,59,256,56,62,42,48,43,43,42,222
./spec/iriq/url_calibration_spec.rb[1:1:68],45,141,51,100,48,300,57,57,64,259,55,48,50,41,42,38,37,36,44
./spec/iriq/url_calibration_spec.rb[1:1:69],49,133,58,114,54,104,63,64,71,62,60,55,61,43,48,189,42,41,48
./spec/iriq/url_calibration_spec.rb[1:1:70],42,105,47,110,46,69,57,57,60,53,52,46,49,37,41,37,36,36,41
./spec/iriq/url_calibration_spec.rb[1:1:71],222,137,55,462,237,77,270,296,69,62,59,234,56,44,219,43,196,198,48
./spec/iriq/url_calibration_spec.rb[1:1:72],56,145,60,120,60,70,74,70,71,60,62,60,59,43,54,46,50,43,48
./spec/iriq/url_calibration_spec.rb[1:1:73],40,147,42,84,42,55,53,52,53,47,46,43,42,33,37,36,36,33,37
./spec/iriq/url_calibration_spec.rb[1:1:74],38,124,41,83,42,49,51,50,50,46,43,42,39,32,36,33,34,33,35
./spec/iriq/url_calibration_spec.rb[1:1:75],45,179,55,96,49,59,59,59,60,53,51,50,47,37,42,40,41,37,42
./spec/iriq/url_calibration_spec.rb[1:1:76],35,94,39,78,38,48,46,46,47,41,41,40,38,32,34,32,31,30,33
./spec/iriq/url_calibration_spec.rb[1:1:77],46,111,49,99,48,59,58,58,59,52,51,48,47,39,42,39,39,36,42
./spec/iriq/url_calibration_spec.rb[1:1:78],42,95,47,91,45,54,83,55,55,50,48,45,45,37,39,37,37,35,39
./spec/iriq/url_calibration_spec.rb[1:1:79],35,80,37,77,39,44,52,45,44,42,41,38,37,30,32,30,30,28,32
./spec/iriq/url_calibration_spec.rb[1:1:80],38,85,41,83,41,50,51,48,49,43,43,40,39,33,35,34,33,31,35
./spec/iriq/url_calibration_spec.rb[1:1:81],36,79,42,77,38,199,45,45,46,43,41,39,36,32,33,29,30,29,32
./spec/iriq/url_calibration_spec.rb[1:1:82],43,99,47,95,47,63,57,62,57,51,51,47,46,38,43,38,36,36,40
./spec/iriq/url_calibration_spec.rb[1:1:83],53,113,55,109,54,67,63,66,71,58,57,53,51,45,49,44,43,41,140
./spec/iriq/url_calibration_spec.rb[1:1:84],57,85,187,123,58,76,69,73,73,64,199,61,58,48,56,47,47,45,52
./spec/iriq/url_calibration_spec.rb[1:1:85],50,66,56,108,53,66,61,67,66,63,59,54,57,48,48,145,42,41,47
./spec/iriq/url_calibration_spec.rb[1:1:86],50,64,55,110,53,67,59,64,66,60,60,54,53,44,47,44,41,40,49
./spec/iriq/url_calibration_spec.rb[1:1:87],58,73,63,125,183,76,179,76,73,67,64,63,60,50,151,49,54,136,53
./spec/iriq/url_calibration_spec.rb[1:1:88],70,228,68,323,71,85,78,208,82,75,72,171,66,56,63,54,141,53,59
./spec/iriq/url_calibration_spec.rb[1:1:89],51,64,52,100,52,64,59,64,62,56,55,54,49,41,46,40,42,40,49
./spec/iriq/url_calibration_spec.rb[1:1:90],52,62,54,104,53,76,58,64,64,59,55,55,50,42,46,42,42,40,46
./spec/iriq/url_calibration_spec.rb[1:1:91],51,81,51,106,51,63,56,64,61,57,55,53,50,44,44,40,41,39,44
./spec/iriq/url_calibration_spec.rb[1:1:92],47,55,49,94,48,59,53,58,56,51,52,48,45,38,42,37,38,37,41
./spec/iriq/url_calibration_spec.rb[1:1:93],51,59,52,104,51,61,57,61,61,56,55,51,49,42,43,40,40,39,44
./spec/iriq/url_calibration_spec.rb[1:1:94],49,51,45,94,45,56,49,54,53,49,49,47,44,35,40,34,36,34,38
./spec/iriq/url_calibration_spec.rb[1:1:95],41,46,43,87,42,50,46,50,51,44,43,42,41,32,36,34,33,32,36
./spec/iriq/url_calibration_spec.rb[1:1:96],48,51,46,95,45,55,50,54,55,51,49,46,44,35,39,35,36,35,40
./spec/iriq/url_calibration_spec.rb[1:1:97],46,53,45,93,45,55,50,57,56,50,49,48,44,36,39,36,35,35,38
./spec/iriq/url_calibration_spec.rb[1:1:98],43,50,45,92,44,54,48,54,54,48,48,45,43,36,38,36,35,33,38
./spec/iriq/url_calibration_spec.rb[1:1:99],82,94,83,174,81,99,90,102,105,88,88,83,81,65,73,68,65,63,142
./spec/iriq/url_calibration_spec.rb[1:1:100],59,69,58,128,57,77,192,73,81,64,62,59,58,48,52,51,45,44,51
./spec/iriq/url_calibration_spec.rb[1:1:101],63,75,188,133,62,77,71,77,82,67,69,63,60,53,60,51,58,48,54
./spec/iriq/url_calibration_spec.rb[1:1:102],51,58,54,107,51,62,57,178,195,190,55,57,50,117,44,41,42,39,43
./spec/iriq/url_calibration_spec.rb[1:1:103],44,51,47,95,43,55,52,55,56,53,154,47,46,37,39,36,36,93,37
./spec/iriq/url_calibration_spec.rb[1:1:104],32,36,34,194,32,39,37,40,41,37,37,34,31,27,30,124,27,27,30
./spec/iriq/url_calibration_spec.rb[1:1:105],31,35,33,65,32,36,34,39,39,36,35,33,31,26,28,28,25,25,29
./spec/iriq/url_calibration_spec.rb[1:1:106],43,180,42,88,42,51,48,53,55,46,47,42,41,34,39,34,33,34,38
./spec/iriq/url_calibration_spec.rb[1:1:107],156,51,43,118,160,50,47,49,51,45,46,42,43,33,37,40,32,31,37
./spec/iriq/url_calibration_spec.rb[1:1:108],61,69,61,106,62,71,66,73,76,64,64,61,57,47,53,50,47,46,54
./spec/iriq/url_calibration_spec.rb[1:1:109],33,37,33,48,33,40,37,39,42,35,35,32,33,26,29,27,26,25,32
./spec/iriq/url_calibration_spec.rb[1:1:110],55,62,54,182,56,67,59,66,67,60,60,56,54,44,47,45,43,42,48
./spec/iriq/url_calibration_spec.rb[1:1:111],59,67,59,100,60,71,67,72,72,65,65,61,59,47,52,47,46,44,52
./spec/iriq/url_calibration_spec.rb[1:1:112],31,36,32,48,32,39,36,40,39,36,36,33,32,26,28,26,26,25,28
./spec/iriq/url_calibration_spec.rb[1:1:113],81,35,33,43,33,38,35,38,38,35,34,32,31,26,28,25,25,24,28
./spec/iriq/url_calibration_spec.rb[1:1:114],126,98,88,117,87,106,97,105,109,96,93,87,187,69,76,70,69,67,161
./spec/iriq/url_calibration_spec.rb[1:1:115],786,63,57,73,57,66,62,67,69,60,60,55,57,44,121,44,118,43,52
./spec/iriq/url_calibration_spec.rb[1:1:116],140,58,52,65,52,65,56,63,65,55,55,53,50,41,46,40,42,39,48
./spec/iriq/url_calibration_spec.rb[1:1:117],110,56,51,62,50,62,55,60,65,55,55,50,48,39,43,43,40,38,46
./spec/iriq/url_calibration_spec.rb[1:1:118],110,56,53,188,52,61,56,61,183,55,55,148,50,105,45,42,40,113,44
./spec/iriq/url_calibration_spec.rb[1:1:119],123,64,58,76,59,69,151,70,73,64,177,61,57,47,51,47,46,48,52
./spec/iriq/url_calibration_spec.rb[1:1:120],98,52,47,59,49,58,53,57,58,52,53,48,46,38,39,38,38,42,42
./spec/iriq/url_calibration_spec.rb[1:1:121],127,66,63,75,60,70,65,170,74,64,66,62,59,47,51,49,47,50,53
./spec/iriq/url_calibration_spec.rb[1:1:122],116,63,57,70,56,66,62,67,67,156,61,56,54,43,48,46,44,46,50
./spec/iriq/url_calibration_spec.rb[1:1:123],147,65,60,71,58,69,64,74,71,66,63,61,58,48,51,121,45,48,53
./spec/iriq/url_calibration_spec.rb[1:1:124],144,77,65,82,147,76,72,78,80,73,72,65,64,51,56,53,50,53,59
./spec/iriq/url_calibration_spec.rb[1:1:125],120,64,57,70,59,67,63,70,69,61,61,57,57,46,50,48,44,45,52
./spec/iriq/url_calibration_spec.rb[1:1:126],157,72,63,76,64,73,67,75,76,66,66,62,118,49,53,51,50,47,56
./spec/iriq/url_calibration_spec.rb[1:1:127],201,73,64,80,65,76,69,78,78,70,70,65,84,51,55,52,50,50,134
./spec/iriq/url_calibration_spec.rb[1:1:128],127,61,54,66,54,63,60,65,65,57,58,56,63,41,48,43,42,41,48
./spec/iriq/url_calibration_spec.rb[1:1:129],126,65,58,68,58,68,61,68,72,62,62,57,62,46,125,47,45,43,51
./spec/iriq/url_calibration_spec.rb[1:1:130],121,55,50,65,50,65,55,60,62,56,55,53,57,39,46,42,39,39,46
./spec/iriq/url_calibration_spec.rb[1:1:131],143,72,66,79,66,79,71,80,80,71,70,67,70,51,57,54,51,119,59
./spec/iriq/url_calibration_spec.rb[1:1:132],158,80,73,206,73,88,175,88,193,79,79,161,77,127,63,60,130,56,64
./spec/iriq/url_calibration_spec.rb[1:1:133],106,55,50,62,51,59,57,62,62,56,149,53,53,41,42,41,40,38,45
./spec/iriq/url_calibration_spec.rb[1:1:134],112,59,141,69,55,66,61,174,67,59,60,56,57,44,47,44,44,43,49
./spec/iriq/url_calibration_spec.rb[1:1:135],127,69,65,79,63,77,69,76,78,68,68,64,74,51,54,49,50,48,55
./spec/iriq/url_calibration_spec.rb[1:1:136],83,45,42,51,40,50,44,50,51,44,44,41,44,33,35,32,32,30,36
./spec/iriq/url_calibration_spec.rb[1:1:137],109,58,54,65,53,66,58,65,63,147,57,53,59,42,46,43,42,41,47
./spec/iriq/url_calibration_spec.rb[1:1:138],265,160,56,70,54,69,60,65,68,62,59,57,56,43,48,108,42,42,50
./spec/iriq/url_calibration_spec.rb[1:1:139],108,62,55,68,139,68,60,67,65,61,59,55,59,44,50,46,48,41,50
./spec/iriq/url_calibration_spec.rb[1:1:140],91,52,46,61,47,55,51,56,56,51,48,45,49,37,40,36,37,36,120
./spec/iriq/url_calibration_spec.rb[1:1:141],106,60,55,65,54,65,60,64,63,58,58,56,58,42,48,43,43,41,50
./spec/iriq/url_calibration_spec.rb[1:1:142],106,62,54,67,57,65,59,66,65,59,59,55,58,43,47,43,44,41,50
./spec/iriq/url_calibration_spec.rb[1:1:143],126,74,66,79,65,75,73,76,83,70,69,67,69,51,56,51,53,49,58
./spec/iriq/url_calibration_spec.rb[1:1:144],124,71,64,79,64,171,69,78,75,69,68,65,66,62,133,56,52,48,58
./spec/iriq/url_calibration_spec.rb[1:1:145],136,74,70,83,69,184,74,82,136,76,74,71,152,53,60,56,53,52,62
./spec/iriq/url_calibration_spec.rb[1:1:146],130,74,68,176,68,113,72,81,105,73,72,172,70,51,60,54,52,53,60
./spec/iriq/url_calibration_spec.rb[1:1:147],125,71,64,77,65,92,73,77,188,71,153,66,65,115,57,52,115,49,57
./spec/iriq/url_calibration_spec.rb[1:1:148],66,37,34,40,33,45,36,43,46,36,37,34,34,27,28,26,27,26,29
./spec/iriq/url_calibration_spec.rb[1:1:149],63,35,34,39,33,40,36,40,81,37,35,34,33,26,28,27,25,24,29
./spec/iriq/url_calibration_spec.rb[1:1:150],64,35,32,38,31,38,36,38,46,36,33,32,32,25,29,25,27,24,28
./spec/iriq/url_calibration_spec.rb[1:1:151],64,34,34,37,30,39,34,37,42,34,33,32,31,24,27,24,25,23,28
./spec/iriq/url_calibration_spec.rb[1:1:152],116,77,62,78,58,79,72,85,77,150,65,61,72,53,62,55,51,49,63
./spec/iriq/url_calibration_spec.rb[1:1:153],76,44,40,48,40,49,44,47,47,46,42,41,40,31,36,32,32,29,35
./spec/iriq/url_calibration_spec.rb[1:1:154],74,42,40,48,38,47,42,48,45,43,42,39,37,30,35,33,31,30,34
./spec/iriq/url_calibration_spec.rb[1:1:155],77,127,39,46,113,47,42,47,46,44,42,39,38,31,33,31,30,29,37
./spec/iriq/url_calibration_spec.rb[1:1:156],99,57,52,63,53,64,56,63,63,57,57,53,51,42,46,42,40,39,47
./spec/iriq/url_calibration_spec.rb[1:1:157],74,43,39,46,39,48,41,49,46,43,44,39,39,31,34,31,30,30,35
./spec/iriq/url_calibration_spec.rb[1:1:158],68,40,37,42,38,44,40,44,42,41,38,36,34,28,31,29,28,28,32
./spec/iriq/url_calibration_spec.rb[1:1:159],81,46,43,51,42,52,46,51,53,47,46,44,42,32,36,35,33,33,38
./spec/iriq/url_calibration_spec.rb[1:1:160],74,42,40,47,38,46,42,45,46,44,41,40,38,30,34,31,30,30,35
./spec/iriq/url_calibration_spec.rb[1:1:161],69,39,37,44,36,44,37,44,42,40,39,36,35,28,120,29,29,27,32
./spec/iriq_spec.rb[1:1:1],78,49,42,54,41,54,48,54,52,46,45,43,46,33,39,35,32,31,40
./spec/iriq_spec.rb[1:2:1],86,51,47,62,47,61,52,56,56,50,155,48,49,37,41,37,36,35,42
./spec/iriq_spec.rb[1:3:1],88,51,46,59,46,85,181,57,172,51,52,46,51,131,43,38,38,38,44
